Timestamp,Balance
2025-11-11T12:30:00.000Z,1000.00
2025-11-11T12:45:00.000Z,1000.00
2025-11-11T13:00:00.000Z,1000.00
2025-11-11T13:15:00.000Z,1000.00
2025-11-11T13:30:00.000Z,1000.00
2025-11-11T13:45:00.000Z,1000.00
2025-11-11T14:00:00.000Z,1000.00
2025-11-11T14:15:00.000Z,1000.00
2025-11-11T14:30:00.000Z,1000.00
2025-11-11T14:45:00.000Z,1000.00
2025-11-11T15:00:00.000Z,1000.00
2025-11-11T15:15:00.000Z,1000.00
2025-11-11T15:30:00.000Z,1000.00
2025-11-11T15:45:00.000Z,1000.00
2025-11-11T16:00:00.000Z,1000.00
2025-11-11T16:15:00.000Z,1000.00
2025-11-11T16:30:00.000Z,1000.00
2025-11-11T16:45:00.000Z,1000.00
2025-11-11T17:00:00.000Z,1000.00
2025-11-11T17:15:00.000Z,1000.00
2025-11-11T17:30:00.000Z,1000.00
2025-11-11T17:45:00.000Z,1000.00
2025-11-11T18:00:00.000Z,1000.00
2025-11-11T18:15:00.000Z,1000.00
2025-11-11T18:30:00.000Z,1000.00
2025-11-11T18:45:00.000Z,1000.00
2025-11-11T19:00:00.000Z,1000.00
2025-11-11T19:15:00.000Z,1000.00
2025-11-11T19:30:00.000Z,1000.00
2025-11-11T19:45:00.000Z,1000.00
2025-11-11T20:00:00.000Z,1000.00
2025-11-11T20:15:00.000Z,1000.00
2025-11-11T20:30:00.000Z,1000.00
2025-11-11T20:45:00.000Z,1000.00
2025-11-11T21:00:00.000Z,1000.00
2025-11-11T21:15:00.000Z,1000.00
2025-11-11T21:30:00.000Z,1000.00
2025-11-11T21:45:00.000Z,1000.00
2025-11-11T22:00:00.000Z,1000.00
2025-11-11T22:15:00.000Z,1000.00
2025-11-11T22:30:00.000Z,1000.00
2025-11-11T22:45:00.000Z,1000.00
2025-11-11T23:00:00.000Z,1000.00
2025-11-11T23:15:00.000Z,1000.00
2025-11-11T23:30:00.000Z,1000.00
2025-11-11T23:45:00.000Z,1000.00
2025-11-12T00:00:00.000Z,1000.00
2025-11-12T00:15:00.000Z,1000.00
2025-11-12T00:30:00.000Z,1000.00
2025-11-12T00:45:00.000Z,1000.00
2025-11-12T01:00:00.000Z,1000.00
2025-11-12T01:15:00.000Z,1000.00
2025-11-12T01:30:00.000Z,1000.00
2025-11-12T01:45:00.000Z,1000.00
2025-11-12T02:00:00.000Z,1000.00
2025-11-12T02:15:00.000Z,1000.00
2025-11-12T02:30:00.000Z,1000.00
2025-11-12T02:45:00.000Z,1000.00
2025-11-12T03:00:00.000Z,1000.00
2025-11-12T03:15:00.000Z,1000.00
2025-11-12T03:30:00.000Z,1000.00
2025-11-12T03:45:00.000Z,1000.00
2025-11-12T04:00:00.000Z,1000.00
2025-11-12T04:15:00.000Z,1000.00
2025-11-12T04:30:00.000Z,1000.00
2025-11-12T04:45:00.000Z,1000.00
2025-11-12T05:00:00.000Z,1000.00
2025-11-12T05:15:00.000Z,1000.00
2025-11-12T05:30:00.000Z,1000.00
2025-11-12T05:45:00.000Z,1000.00
2025-11-12T06:00:00.000Z,1000.00
2025-11-12T06:15:00.000Z,1000.00
2025-11-12T06:30:00.000Z,1000.00
2025-11-12T06:45:00.000Z,1000.00
2025-11-12T07:00:00.000Z,1000.00
2025-11-12T07:15:00.000Z,1000.00
2025-11-12T07:30:00.000Z,1000.00
2025-11-12T07:45:00.000Z,1000.00
2025-11-12T08:00:00.000Z,1000.00
2025-11-12T08:15:00.000Z,1000.00
2025-11-12T08:30:00.000Z,1000.00
2025-11-12T08:45:00.000Z,1000.00
2025-11-12T09:00:00.000Z,1000.00
2025-11-12T09:15:00.000Z,1000.00
2025-11-12T09:30:00.000Z,1000.00
2025-11-12T09:45:00.000Z,1000.00
2025-11-12T10:00:00.000Z,1000.00
2025-11-12T10:15:00.000Z,1000.00
2025-11-12T10:30:00.000Z,1000.00
2025-11-12T10:45:00.000Z,1000.00
2025-11-12T11:00:00.000Z,1000.00
2025-11-12T11:15:00.000Z,1000.00
2025-11-12T11:30:00.000Z,1000.00
2025-11-12T11:45:00.000Z,1000.00
2025-11-12T12:00:00.000Z,1000.00
2025-11-12T12:15:00.000Z,1000.00
2025-11-12T12:30:00.000Z,1000.00
2025-11-12T12:45:00.000Z,1000.00
2025-11-12T13:00:00.000Z,1000.00
2025-11-12T13:15:00.000Z,1000.00
2025-11-12T13:30:00.000Z,1000.00
2025-11-12T13:45:00.000Z,1000.00
2025-11-12T14:00:00.000Z,1000.00
2025-11-12T14:15:00.000Z,1000.00
2025-11-12T14:30:00.000Z,1000.00
2025-11-12T14:45:00.000Z,1000.00
2025-11-12T15:00:00.000Z,1000.00
2025-11-12T15:15:00.000Z,1000.00
2025-11-12T15:30:00.000Z,1000.00
2025-11-12T15:45:00.000Z,1000.00
2025-11-12T16:00:00.000Z,1000.00
2025-11-12T16:15:00.000Z,1000.00
2025-11-12T16:30:00.000Z,1000.00
2025-11-12T16:45:00.000Z,1000.00
2025-11-12T17:00:00.000Z,1000.00
2025-11-12T17:15:00.000Z,1000.00
2025-11-12T17:30:00.000Z,1000.00
2025-11-12T17:45:00.000Z,1000.00
2025-11-12T18:00:00.000Z,1000.00
2025-11-12T18:15:00.000Z,1000.00
2025-11-12T18:30:00.000Z,1000.00
2025-11-12T18:45:00.000Z,1000.00
2025-11-12T19:00:00.000Z,1000.00
2025-11-12T19:15:00.000Z,1000.00
2025-11-12T19:30:00.000Z,1000.00
2025-11-12T19:45:00.000Z,1000.00
2025-11-12T20:00:00.000Z,1000.00
2025-11-12T20:15:00.000Z,1000.00
2025-11-12T20:30:00.000Z,1000.00
2025-11-12T20:45:00.000Z,1000.00
2025-11-12T21:00:00.000Z,1000.00
2025-11-12T21:15:00.000Z,1000.00
2025-11-12T21:30:00.000Z,1000.00
2025-11-12T21:45:00.000Z,1000.00
2025-11-12T22:00:00.000Z,1000.00
2025-11-12T22:15:00.000Z,1000.00
2025-11-12T22:30:00.000Z,1000.00
2025-11-12T22:45:00.000Z,1000.00
2025-11-12T23:00:00.000Z,1000.00
2025-11-12T23:15:00.000Z,1000.00
2025-11-12T23:30:00.000Z,1000.00
2025-11-12T23:45:00.000Z,1000.00
2025-11-13T00:00:00.000Z,1000.00
2025-11-13T00:15:00.000Z,1000.00
2025-11-13T00:30:00.000Z,1000.00
2025-11-13T00:45:00.000Z,1000.00
2025-11-13T01:00:00.000Z,1000.00
2025-11-13T01:15:00.000Z,1000.00
2025-11-13T01:30:00.000Z,1000.00
2025-11-13T01:45:00.000Z,1000.00
2025-11-13T02:00:00.000Z,1000.00
2025-11-13T02:15:00.000Z,1000.00
2025-11-13T02:30:00.000Z,1000.00
2025-11-13T02:45:00.000Z,1000.00
2025-11-13T03:00:00.000Z,1000.00
2025-11-13T03:15:00.000Z,1000.00
2025-11-13T03:30:00.000Z,1000.00
2025-11-13T03:45:00.000Z,1000.00
2025-11-13T04:00:00.000Z,1000.00
2025-11-13T04:15:00.000Z,1000.00
2025-11-13T04:30:00.000Z,1000.00
2025-11-13T04:45:00.000Z,1000.00
2025-11-13T05:00:00.000Z,1000.00
2025-11-13T05:15:00.000Z,1000.00
2025-11-13T05:30:00.000Z,1000.00
2025-11-13T05:45:00.000Z,1000.00
2025-11-13T06:00:00.000Z,1000.00
2025-11-13T06:15:00.000Z,1000.00
2025-11-13T06:30:00.000Z,1000.00
2025-11-13T06:45:00.000Z,1000.00
2025-11-13T07:00:00.000Z,1000.00
2025-11-13T07:15:00.000Z,1000.00
2025-11-13T07:30:00.000Z,1000.00
2025-11-13T07:45:00.000Z,1000.00
2025-11-13T08:00:00.000Z,1000.00
2025-11-13T08:15:00.000Z,1000.00
2025-11-13T08:30:00.000Z,1000.00
2025-11-13T08:45:00.000Z,1000.00
2025-11-13T09:00:00.000Z,1000.00
2025-11-13T09:15:00.000Z,1000.00
2025-11-13T09:30:00.000Z,1000.00
2025-11-13T09:45:00.000Z,1000.00
2025-11-13T10:00:00.000Z,1000.00
2025-11-13T10:15:00.000Z,1000.00
2025-11-13T10:30:00.000Z,1000.00
2025-11-13T10:45:00.000Z,1000.00
2025-11-13T11:00:00.000Z,1000.00
2025-11-13T11:15:00.000Z,1000.00
2025-11-13T11:30:00.000Z,1000.00
2025-11-13T11:45:00.000Z,1000.00
2025-11-13T12:00:00.000Z,1000.00
2025-11-13T12:15:00.000Z,1000.00
2025-11-13T12:30:00.000Z,1000.00
2025-11-13T12:45:00.000Z,1000.00
2025-11-13T13:00:00.000Z,1000.00
2025-11-13T13:15:00.000Z,1000.00
2025-11-13T13:30:00.000Z,1000.00
2025-11-13T13:45:00.000Z,1000.00
2025-11-13T14:00:00.000Z,1000.00
2025-11-13T14:15:00.000Z,1000.00
2025-11-13T14:30:00.000Z,1000.00
2025-11-13T14:45:00.000Z,1000.00
2025-11-13T15:00:00.000Z,1000.00
2025-11-13T15:15:00.000Z,1000.00
2025-11-13T15:30:00.000Z,1000.00
2025-11-13T15:45:00.000Z,1000.00
2025-11-13T16:00:00.000Z,1000.00
2025-11-13T16:15:00.000Z,1000.00
2025-11-13T16:30:00.000Z,1000.00
2025-11-13T16:45:00.000Z,1000.00
2025-11-13T17:00:00.000Z,1000.00
2025-11-13T17:15:00.000Z,1000.00
2025-11-13T17:30:00.000Z,1000.00
2025-11-13T17:45:00.000Z,1000.00
2025-11-13T18:00:00.000Z,1000.00
2025-11-13T18:15:00.000Z,1000.00
2025-11-13T18:30:00.000Z,1000.00
2025-11-13T18:45:00.000Z,1000.00
2025-11-13T19:00:00.000Z,1000.00
2025-11-13T19:15:00.000Z,1000.00
2025-11-13T19:30:00.000Z,1000.00
2025-11-13T19:45:00.000Z,1000.00
2025-11-13T20:00:00.000Z,1000.00
2025-11-13T20:15:00.000Z,1000.00
2025-11-13T20:30:00.000Z,1000.00
2025-11-13T20:45:00.000Z,1000.00
2025-11-13T21:00:00.000Z,1000.00
2025-11-13T21:15:00.000Z,1000.47
2025-11-13T21:30:00.000Z,1000.36
2025-11-13T21:45:00.000Z,1000.69
2025-11-13T22:00:00.000Z,1000.67
2025-11-13T22:15:00.000Z,1001.16
2025-11-13T22:30:00.000Z,1001.37
2025-11-13T22:45:00.000Z,1001.64
2025-11-13T23:00:00.000Z,1001.72
2025-11-13T23:15:00.000Z,1001.97
2025-11-13T23:30:00.000Z,1002.11
2025-11-13T23:45:00.000Z,1002.30
2025-11-14T00:00:00.000Z,1001.56
2025-11-14T00:15:00.000Z,1001.19
2025-11-14T00:30:00.000Z,1001.33
2025-11-14T00:45:00.000Z,1001.22
2025-11-14T01:00:00.000Z,1000.83
2025-11-14T01:15:00.000Z,1000.79
2025-11-14T01:30:00.000Z,1000.96
2025-11-14T01:45:00.000Z,1001.08
2025-11-14T02:00:00.000Z,1001.11
2025-11-14T02:15:00.000Z,1001.35
2025-11-14T02:30:00.000Z,1001.55
2025-11-14T02:45:00.000Z,1001.69
2025-11-14T03:00:00.000Z,1001.49
2025-11-14T03:15:00.000Z,1001.21
2025-11-14T03:30:00.000Z,1001.15
2025-11-14T03:45:00.000Z,1000.76
2025-11-14T04:00:00.000Z,1001.00
2025-11-14T04:15:00.000Z,1000.77
2025-11-14T04:30:00.000Z,1000.83
2025-11-14T04:45:00.000Z,999.41
2025-11-14T05:00:00.000Z,999.66
2025-11-14T05:15:00.000Z,999.29
2025-11-14T05:30:00.000Z,999.09
2025-11-14T05:45:00.000Z,999.11
2025-11-14T06:00:00.000Z,999.35
2025-11-14T06:15:00.000Z,998.95
2025-11-14T06:30:00.000Z,998.81
2025-11-14T06:45:00.000Z,998.58
2025-11-14T07:00:00.000Z,999.40
2025-11-14T07:15:00.000Z,999.21
2025-11-14T07:30:00.000Z,999.53
2025-11-14T07:45:00.000Z,998.99
2025-11-14T08:00:00.000Z,998.97
2025-11-14T08:15:00.000Z,998.72
2025-11-14T08:30:00.000Z,998.75
2025-11-14T08:45:00.000Z,999.03
2025-11-14T09:00:00.000Z,999.20
2025-11-14T09:15:00.000Z,999.16
2025-11-14T09:30:00.000Z,998.90
2025-11-14T09:45:00.000Z,998.97
2025-11-14T10:00:00.000Z,998.65
2025-11-14T10:15:00.000Z,998.77
2025-11-14T10:30:00.000Z,998.82
2025-11-14T10:45:00.000Z,999.02
2025-11-14T11:00:00.000Z,998.56
2025-11-14T11:15:00.000Z,998.58
2025-11-14T11:30:00.000Z,998.34
2025-11-14T11:45:00.000Z,998.00
2025-11-14T12:00:00.000Z,997.97
2025-11-14T12:15:00.000Z,997.97
2025-11-14T12:30:00.000Z,997.81
2025-11-14T12:45:00.000Z,998.73
2025-11-14T13:00:00.000Z,998.24
2025-11-14T13:15:00.000Z,998.55
2025-11-14T13:30:00.000Z,998.50
2025-11-14T13:45:00.000Z,998.89
2025-11-14T14:00:00.000Z,998.35
2025-11-14T14:15:00.000Z,998.25
2025-11-14T14:30:00.000Z,998.17
2025-11-14T14:45:00.000Z,997.11
2025-11-14T15:00:00.000Z,996.99
2025-11-14T15:15:00.000Z,997.45
2025-11-14T15:30:00.000Z,996.99
2025-11-14T15:45:00.000Z,996.74
2025-11-14T16:00:00.000Z,996.73
2025-11-14T16:15:00.000Z,997.02
2025-11-14T16:30:00.000Z,996.54
2025-11-14T16:45:00.000Z,996.40
2025-11-14T17:00:00.000Z,996.50
2025-11-14T17:15:00.000Z,996.51
2025-11-14T17:30:00.000Z,996.81
2025-11-14T17:45:00.000Z,997.20
2025-11-14T18:00:00.000Z,997.72
2025-11-14T18:15:00.000Z,997.22
2025-11-14T18:30:00.000Z,997.51
2025-11-14T18:45:00.000Z,998.21
2025-11-14T19:00:00.000Z,998.53
2025-11-14T19:15:00.000Z,998.18
2025-11-14T19:30:00.000Z,997.83
2025-11-14T19:45:00.000Z,998.22
2025-11-14T20:00:00.000Z,997.79
2025-11-14T20:15:00.000Z,998.11
2025-11-14T20:30:00.000Z,998.67
2025-11-14T20:45:00.000Z,999.26
2025-11-14T21:00:00.000Z,999.26
2025-11-14T21:15:00.000Z,998.72
2025-11-14T21:30:00.000Z,998.93
2025-11-14T21:45:00.000Z,998.57
2025-11-14T22:00:00.000Z,998.54
2025-11-14T22:15:00.000Z,998.88
2025-11-14T22:30:00.000Z,998.31
2025-11-14T22:45:00.000Z,998.21
2025-11-14T23:00:00.000Z,998.42
2025-11-14T23:15:00.000Z,998.97
2025-11-14T23:30:00.000Z,999.31
2025-11-14T23:45:00.000Z,998.96
2025-11-15T00:00:00.000Z,999.03
2025-11-15T00:15:00.000Z,998.38
2025-11-15T00:30:00.000Z,998.22
2025-11-15T00:45:00.000Z,998.66
2025-11-15T01:00:00.000Z,998.45
2025-11-15T01:15:00.000Z,998.52
2025-11-15T01:30:00.000Z,998.48
2025-11-15T01:45:00.000Z,998.16
2025-11-15T02:00:00.000Z,997.93
2025-11-15T02:15:00.000Z,998.10
2025-11-15T02:30:00.000Z,997.69
2025-11-15T02:45:00.000Z,997.42
2025-11-15T03:00:00.000Z,997.05
2025-11-15T03:15:00.000Z,997.03
2025-11-15T03:30:00.000Z,996.87
2025-11-15T03:45:00.000Z,997.23
2025-11-15T04:00:00.000Z,997.12
2025-11-15T04:15:00.000Z,997.29
2025-11-15T04:30:00.000Z,997.47
2025-11-15T04:45:00.000Z,997.60
2025-11-15T05:00:00.000Z,997.44
2025-11-15T05:15:00.000Z,997.54
2025-11-15T05:30:00.000Z,997.48
2025-11-15T05:45:00.000Z,997.40
2025-11-15T06:00:00.000Z,997.20
2025-11-15T06:15:00.000Z,997.13
2025-11-15T06:30:00.000Z,997.13
2025-11-15T06:45:00.000Z,997.44
2025-11-15T07:00:00.000Z,997.43
2025-11-15T07:15:00.000Z,997.40
2025-11-15T07:30:00.000Z,997.22
2025-11-15T07:45:00.000Z,997.40
2025-11-15T08:00:00.000Z,997.21
2025-11-15T08:15:00.000Z,997.40
2025-11-15T08:30:00.000Z,997.59
2025-11-15T08:45:00.000Z,997.66
2025-11-15T09:00:00.000Z,997.65
2025-11-15T09:15:00.000Z,997.50
2025-11-15T09:30:00.000Z,997.62
2025-11-15T09:45:00.000Z,997.53
2025-11-15T10:00:00.000Z,997.76
2025-11-15T10:15:00.000Z,997.72
2025-11-15T10:30:00.000Z,997.70
2025-11-15T10:45:00.000Z,997.50
2025-11-15T11:00:00.000Z,997.61
2025-11-15T11:15:00.000Z,997.73
2025-11-15T11:30:00.000Z,997.73
2025-11-15T11:45:00.000Z,997.76
2025-11-15T12:00:00.000Z,997.88
2025-11-15T12:15:00.000Z,997.80
2025-11-15T12:30:00.000Z,997.71
2025-11-15T12:45:00.000Z,997.88
2025-11-15T13:00:00.000Z,997.75
2025-11-15T13:15:00.000Z,997.68
2025-11-15T13:30:00.000Z,997.50
2025-11-15T13:45:00.000Z,997.47
2025-11-15T14:00:00.000Z,997.17
2025-11-15T14:15:00.000Z,997.09
2025-11-15T14:30:00.000Z,997.41
2025-11-15T14:45:00.000Z,997.37
2025-11-15T15:00:00.000Z,997.29
2025-11-15T15:15:00.000Z,997.24
2025-11-15T15:30:00.000Z,997.16
2025-11-15T15:45:00.000Z,997.36
2025-11-15T16:00:00.000Z,997.29
2025-11-15T16:15:00.000Z,997.67
2025-11-15T16:30:00.000Z,997.77
2025-11-15T16:45:00.000Z,997.51
2025-11-15T17:00:00.000Z,997.39
2025-11-15T17:15:00.000Z,997.67
2025-11-15T17:30:00.000Z,997.55
2025-11-15T17:45:00.000Z,997.48
2025-11-15T18:00:00.000Z,997.31
2025-11-15T18:15:00.000Z,997.26
2025-11-15T18:30:00.000Z,997.49
2025-11-15T18:45:00.000Z,997.44
2025-11-15T19:00:00.000Z,997.50
2025-11-15T19:15:00.000Z,997.41
2025-11-15T19:30:00.000Z,997.50
2025-11-15T19:45:00.000Z,997.57
2025-11-15T20:00:00.000Z,997.55
2025-11-15T20:15:00.000Z,997.69
2025-11-15T20:30:00.000Z,997.85
2025-11-15T20:45:00.000Z,998.13
2025-11-15T21:00:00.000Z,998.32
2025-11-15T21:15:00.000Z,998.02
2025-11-15T21:30:00.000Z,998.17
2025-11-15T21:45:00.000Z,998.37
2025-11-15T22:00:00.000Z,998.31
2025-11-15T22:15:00.000Z,998.04
2025-11-15T22:30:00.000Z,997.96
2025-11-15T22:45:00.000Z,998.09
2025-11-15T23:00:00.000Z,997.96
2025-11-15T23:15:00.000Z,998.04
2025-11-15T23:30:00.000Z,997.94
2025-11-15T23:45:00.000Z,998.01
2025-11-16T00:00:00.000Z,997.98
2025-11-16T00:15:00.000Z,998.21
2025-11-16T00:30:00.000Z,998.33
2025-11-16T00:45:00.000Z,998.13
2025-11-16T01:00:00.000Z,998.23
2025-11-16T01:15:00.000Z,998.09
2025-11-16T01:30:00.000Z,998.13
2025-11-16T01:45:00.000Z,998.60
2025-11-16T02:00:00.000Z,998.32
2025-11-16T02:15:00.000Z,998.31
2025-11-16T02:30:00.000Z,997.91
2025-11-16T02:45:00.000Z,997.84
2025-11-16T03:00:00.000Z,997.60
2025-11-16T03:15:00.000Z,997.79
2025-11-16T03:30:00.000Z,997.75
2025-11-16T03:45:00.000Z,997.77
2025-11-16T04:00:00.000Z,997.74
2025-11-16T04:15:00.000Z,997.69
2025-11-16T04:30:00.000Z,997.73
2025-11-16T04:45:00.000Z,997.89
2025-11-16T05:00:00.000Z,997.75
2025-11-16T05:15:00.000Z,997.52
2025-11-16T05:30:00.000Z,997.59
2025-11-16T05:45:00.000Z,997.61
2025-11-16T06:00:00.000Z,997.68
2025-11-16T06:15:00.000Z,997.61
2025-11-16T06:30:00.000Z,997.58
2025-11-16T06:45:00.000Z,997.63
2025-11-16T07:00:00.000Z,997.75
2025-11-16T07:15:00.000Z,997.71
2025-11-16T07:30:00.000Z,997.75
2025-11-16T07:45:00.000Z,997.64
2025-11-16T08:00:00.000Z,997.46
2025-11-16T08:15:00.000Z,997.60
2025-11-16T08:30:00.000Z,997.70
2025-11-16T08:45:00.000Z,997.51
2025-11-16T09:00:00.000Z,997.44
2025-11-16T09:15:00.000Z,997.49
2025-11-16T09:30:00.000Z,997.45
2025-11-16T09:45:00.000Z,997.35
2025-11-16T10:00:00.000Z,996.90
2025-11-16T10:15:00.000Z,997.02
2025-11-16T10:30:00.000Z,997.06
2025-11-16T10:45:00.000Z,997.10
2025-11-16T11:00:00.000Z,997.09
2025-11-16T11:15:00.000Z,997.63
2025-11-16T11:30:00.000Z,997.97
2025-11-16T11:45:00.000Z,998.00
2025-11-16T12:00:00.000Z,997.95
2025-11-16T12:15:00.000Z,997.91
2025-11-16T12:30:00.000Z,997.75
2025-11-16T12:45:00.000Z,997.75
2025-11-16T13:00:00.000Z,997.83
2025-11-16T13:15:00.000Z,997.81
2025-11-16T13:30:00.000Z,998.20
2025-11-16T13:45:00.000Z,998.37
2025-11-16T14:00:00.000Z,998.17
2025-11-16T14:15:00.000Z,998.12
2025-11-16T14:30:00.000Z,998.18
2025-11-16T14:45:00.000Z,997.98
2025-11-16T15:00:00.000Z,998.05
2025-11-16T15:15:00.000Z,998.13
2025-11-16T15:30:00.000Z,998.16
2025-11-16T15:45:00.000Z,998.17
2025-11-16T16:00:00.000Z,999.05
2025-11-16T16:15:00.000Z,999.22
2025-11-16T16:30:00.000Z,999.33
2025-11-16T16:45:00.000Z,999.31
2025-11-16T17:00:00.000Z,999.42
2025-11-16T17:15:00.000Z,999.36
2025-11-16T17:30:00.000Z,999.24
2025-11-16T17:45:00.000Z,999.64
2025-11-16T18:00:00.000Z,999.28
2025-11-16T18:15:00.000Z,998.41
2025-11-16T18:30:00.000Z,998.79
2025-11-16T18:45:00.000Z,999.48
2025-11-16T19:00:00.000Z,999.60
2025-11-16T19:15:00.000Z,999.14
2025-11-16T19:30:00.000Z,999.23
2025-11-16T19:45:00.000Z,999.47
2025-11-16T20:00:00.000Z,999.63
2025-11-16T20:15:00.000Z,999.26
2025-11-16T20:30:00.000Z,999.00
2025-11-16T20:45:00.000Z,999.31
2025-11-16T21:00:00.000Z,999.56
2025-11-16T21:15:00.000Z,999.89
2025-11-16T21:30:00.000Z,999.99
2025-11-16T21:45:00.000Z,1000.18
2025-11-16T22:00:00.000Z,1000.17
2025-11-16T22:15:00.000Z,1000.30
2025-11-16T22:30:00.000Z,1000.00
2025-11-16T22:45:00.000Z,1000.10
2025-11-16T23:00:00.000Z,999.46
2025-11-16T23:15:00.000Z,999.84
2025-11-16T23:30:00.000Z,999.40
2025-11-16T23:45:00.000Z,999.29
2025-11-17T00:00:00.000Z,999.38
2025-11-17T00:15:00.000Z,999.41
2025-11-17T00:30:00.000Z,998.89
2025-11-17T00:45:00.000Z,998.92
2025-11-17T01:00:00.000Z,998.30
2025-11-17T01:15:00.000Z,998.49
2025-11-17T01:30:00.000Z,998.45
2025-11-17T01:45:00.000Z,998.70
2025-11-17T02:00:00.000Z,998.85
2025-11-17T02:15:00.000Z,998.28
2025-11-17T02:30:00.000Z,998.44
2025-11-17T02:45:00.000Z,998.64
2025-11-17T03:00:00.000Z,998.63
2025-11-17T03:15:00.000Z,998.23
2025-11-17T03:30:00.000Z,998.15
2025-11-17T03:45:00.000Z,998.25
2025-11-17T04:00:00.000Z,998.09
2025-11-17T04:15:00.000Z,998.45
2025-11-17T04:30:00.000Z,998.17
2025-11-17T04:45:00.000Z,998.24
2025-11-17T05:00:00.000Z,998.50
2025-11-17T05:15:00.000Z,998.66
2025-11-17T05:30:00.000Z,998.45
2025-11-17T05:45:00.000Z,998.47
2025-11-17T06:00:00.000Z,998.48
2025-11-17T06:15:00.000Z,998.65
2025-11-17T06:30:00.000Z,998.53
2025-11-17T06:45:00.000Z,998.67
2025-11-17T07:00:00.000Z,998.31
2025-11-17T07:15:00.000Z,998.27
2025-11-17T07:30:00.000Z,998.14
2025-11-17T07:45:00.000Z,997.82
2025-11-17T08:00:00.000Z,997.92
2025-11-17T08:15:00.000Z,997.91
2025-11-17T08:30:00.000Z,997.72
2025-11-17T08:45:00.000Z,997.95
2025-11-17T09:00:00.000Z,997.96
2025-11-17T09:15:00.000Z,998.05
2025-11-17T09:30:00.000Z,997.85
2025-11-17T09:45:00.000Z,997.83
2025-11-17T10:00:00.000Z,997.92
2025-11-17T10:15:00.000Z,997.74
2025-11-17T10:30:00.000Z,997.94
2025-11-17T10:45:00.000Z,997.83
2025-11-17T11:00:00.000Z,997.92
2025-11-17T11:15:00.000Z,997.84
2025-11-17T11:30:00.000Z,997.86
2025-11-17T11:45:00.000Z,997.96
2025-11-17T12:00:00.000Z,998.01
2025-11-17T12:15:00.000Z,998.28
2025-11-17T12:30:00.000Z,998.12
2025-11-17T12:45:00.000Z,998.09
2025-11-17T13:00:00.000Z,998.28
2025-11-17T13:15:00.000Z,998.67
2025-11-17T13:30:00.000Z,999.05
2025-11-17T13:45:00.000Z,999.80
2025-11-17T14:00:00.000Z,999.69
2025-11-17T14:15:00.000Z,999.56
2025-11-17T14:30:00.000Z,999.49
2025-11-17T14:45:00.000Z,998.45
2025-11-17T15:00:00.000Z,998.85
2025-11-17T15:15:00.000Z,999.18
2025-11-17T15:30:00.000Z,999.10
2025-11-17T15:45:00.000Z,999.41
2025-11-17T16:00:00.000Z,999.69
2025-11-17T16:15:00.000Z,1000.51
2025-11-17T16:30:00.000Z,1000.20
2025-11-17T16:45:00.000Z,999.93
2025-11-17T17:00:00.000Z,999.33
2025-11-17T17:15:00.000Z,999.75
2025-11-17T17:30:00.000Z,1000.14
2025-11-17T17:45:00.000Z,1000.85
2025-11-17T18:00:00.000Z,1000.94
2025-11-17T18:15:00.000Z,1000.87
2025-11-17T18:30:00.000Z,1001.26
2025-11-17T18:45:00.000Z,1001.26
2025-11-17T19:00:00.000Z,1001.26
2025-11-17T19:15:00.000Z,1001.26
2025-11-17T19:30:00.000Z,1001.26
2025-11-17T19:45:00.000Z,1001.26
2025-11-17T20:00:00.000Z,1001.26
2025-11-17T20:15:00.000Z,1001.26
2025-11-17T20:30:00.000Z,1001.66
2025-11-17T20:45:00.000Z,1001.52
2025-11-17T21:00:00.000Z,1001.83
2025-11-17T21:15:00.000Z,1002.07
2025-11-17T21:30:00.000Z,1001.68
2025-11-17T21:45:00.000Z,1001.76
2025-11-17T22:00:00.000Z,1001.87
2025-11-17T22:15:00.000Z,1002.02
2025-11-17T22:30:00.000Z,1002.10
2025-11-17T22:45:00.000Z,1002.31
2025-11-17T23:00:00.000Z,1002.19
2025-11-17T23:15:00.000Z,1001.94
2025-11-17T23:30:00.000Z,1001.79
2025-11-17T23:45:00.000Z,1001.87
2025-11-18T00:00:00.000Z,1002.15
2025-11-18T00:15:00.000Z,1002.15
2025-11-18T00:30:00.000Z,1001.95
2025-11-18T00:45:00.000Z,1001.29
2025-11-18T01:00:00.000Z,1002.10
2025-11-18T01:15:00.000Z,1001.86
2025-11-18T01:30:00.000Z,1001.70
2025-11-18T01:45:00.000Z,1001.82
2025-11-18T02:00:00.000Z,1001.60
2025-11-18T02:15:00.000Z,1001.02
2025-11-18T02:30:00.000Z,1001.56
2025-11-18T02:45:00.000Z,1001.19
2025-11-18T03:00:00.000Z,1000.67
2025-11-18T03:15:00.000Z,1000.15
2025-11-18T03:30:00.000Z,999.76
2025-11-18T03:45:00.000Z,1000.41
2025-11-18T04:00:00.000Z,1000.65
2025-11-18T04:15:00.000Z,1000.05
2025-11-18T04:30:00.000Z,999.65
2025-11-18T04:45:00.000Z,999.56
2025-11-18T05:00:00.000Z,999.82
2025-11-18T05:15:00.000Z,999.98
2025-11-18T05:30:00.000Z,999.94
2025-11-18T05:45:00.000Z,999.75
2025-11-18T06:00:00.000Z,999.97
2025-11-18T06:15:00.000Z,999.90
2025-11-18T06:30:00.000Z,999.80
2025-11-18T06:45:00.000Z,999.16
2025-11-18T07:00:00.000Z,999.16
2025-11-18T07:15:00.000Z,999.16
2025-11-18T07:30:00.000Z,999.16
2025-11-18T07:45:00.000Z,999.16
2025-11-18T08:00:00.000Z,999.16
2025-11-18T08:15:00.000Z,999.16
2025-11-18T08:30:00.000Z,999.16
2025-11-18T08:45:00.000Z,999.16
2025-11-18T09:00:00.000Z,999.16
2025-11-18T09:15:00.000Z,999.16
2025-11-18T09:30:00.000Z,999.16
2025-11-18T09:45:00.000Z,999.16
2025-11-18T10:00:00.000Z,999.16
2025-11-18T10:15:00.000Z,999.16
2025-11-18T10:30:00.000Z,999.16
2025-11-18T10:45:00.000Z,999.16
2025-11-18T11:00:00.000Z,999.16
2025-11-18T11:15:00.000Z,999.16
2025-11-18T11:30:00.000Z,999.16
2025-11-18T11:45:00.000Z,999.16
2025-11-18T12:00:00.000Z,999.16
2025-11-18T12:15:00.000Z,999.16
2025-11-18T12:30:00.000Z,999.16
2025-11-18T12:45:00.000Z,999.16
2025-11-18T13:00:00.000Z,999.16
2025-11-18T13:15:00.000Z,999.16
2025-11-18T13:30:00.000Z,999.16
2025-11-18T13:45:00.000Z,999.16
2025-11-18T14:00:00.000Z,999.16
2025-11-18T14:15:00.000Z,999.16
2025-11-18T14:30:00.000Z,999.16
2025-11-18T14:45:00.000Z,999.16
2025-11-18T15:00:00.000Z,999.16
2025-11-18T15:15:00.000Z,999.16
2025-11-18T15:30:00.000Z,999.16
2025-11-18T15:45:00.000Z,999.16
2025-11-18T16:00:00.000Z,999.16
2025-11-18T16:15:00.000Z,999.16
2025-11-18T16:30:00.000Z,999.16
2025-11-18T16:45:00.000Z,999.16
2025-11-18T17:00:00.000Z,999.16
2025-11-18T17:15:00.000Z,999.16
2025-11-18T17:30:00.000Z,999.16
2025-11-18T17:45:00.000Z,999.16
2025-11-18T18:00:00.000Z,999.16
2025-11-18T18:15:00.000Z,999.16
2025-11-18T18:30:00.000Z,999.16
2025-11-18T18:45:00.000Z,999.16
2025-11-18T19:00:00.000Z,999.16
2025-11-18T19:15:00.000Z,999.16
2025-11-18T19:30:00.000Z,999.16
2025-11-18T19:45:00.000Z,999.16
2025-11-18T20:00:00.000Z,999.16
2025-11-18T20:15:00.000Z,999.16
2025-11-18T20:30:00.000Z,999.16
2025-11-18T20:45:00.000Z,999.16
2025-11-18T21:00:00.000Z,999.16
2025-11-18T21:15:00.000Z,999.16
2025-11-18T21:30:00.000Z,999.16
2025-11-18T21:45:00.000Z,999.16
2025-11-18T22:00:00.000Z,999.16
2025-11-18T22:15:00.000Z,999.16
2025-11-18T22:30:00.000Z,999.16
2025-11-18T22:45:00.000Z,999.16
2025-11-18T23:00:00.000Z,999.16
2025-11-18T23:15:00.000Z,999.16
2025-11-18T23:30:00.000Z,999.16
2025-11-18T23:45:00.000Z,999.16
2025-11-19T00:00:00.000Z,999.16
2025-11-19T00:15:00.000Z,999.16
2025-11-19T00:30:00.000Z,999.16
2025-11-19T00:45:00.000Z,999.16
2025-11-19T01:00:00.000Z,999.16
2025-11-19T01:15:00.000Z,999.16
2025-11-19T01:30:00.000Z,999.16
2025-11-19T01:45:00.000Z,999.16
2025-11-19T02:00:00.000Z,999.16
2025-11-19T02:15:00.000Z,999.16
2025-11-19T02:30:00.000Z,999.16
2025-11-19T02:45:00.000Z,999.16
2025-11-19T03:00:00.000Z,999.16
2025-11-19T03:15:00.000Z,999.16
2025-11-19T03:30:00.000Z,999.16
2025-11-19T03:45:00.000Z,999.16
2025-11-19T04:00:00.000Z,999.16
2025-11-19T04:15:00.000Z,999.16
2025-11-19T04:30:00.000Z,999.16
2025-11-19T04:45:00.000Z,999.16
2025-11-19T05:00:00.000Z,999.16
2025-11-19T05:15:00.000Z,999.16
2025-11-19T05:30:00.000Z,999.16
2025-11-19T05:45:00.000Z,999.16
2025-11-19T06:00:00.000Z,999.16
2025-11-19T06:15:00.000Z,999.16
2025-11-19T06:30:00.000Z,999.16
2025-11-19T06:45:00.000Z,999.16
2025-11-19T07:00:00.000Z,999.16
2025-11-19T07:15:00.000Z,999.16
2025-11-19T07:30:00.000Z,999.16
2025-11-19T07:45:00.000Z,999.16
2025-11-19T08:00:00.000Z,999.16
2025-11-19T08:15:00.000Z,999.16
2025-11-19T08:30:00.000Z,999.16
2025-11-19T08:45:00.000Z,999.16
2025-11-19T09:00:00.000Z,999.16
2025-11-19T09:15:00.000Z,999.16
2025-11-19T09:30:00.000Z,999.16
2025-11-19T09:45:00.000Z,999.16
2025-11-19T10:00:00.000Z,999.16
2025-11-19T10:15:00.000Z,999.16
2025-11-19T10:30:00.000Z,999.16
2025-11-19T10:45:00.000Z,999.16
2025-11-19T11:00:00.000Z,999.16
2025-11-19T11:15:00.000Z,999.16
2025-11-19T11:30:00.000Z,999.16
2025-11-19T11:45:00.000Z,999.16
2025-11-19T12:00:00.000Z,999.16
2025-11-19T12:15:00.000Z,999.16
2025-11-19T12:30:00.000Z,999.16
2025-11-19T12:45:00.000Z,999.16
2025-11-19T13:00:00.000Z,999.16
2025-11-19T13:15:00.000Z,999.16
2025-11-19T13:30:00.000Z,999.16
2025-11-19T13:45:00.000Z,999.16
2025-11-19T14:00:00.000Z,999.16
2025-11-19T14:15:00.000Z,999.16
2025-11-19T14:30:00.000Z,999.16
2025-11-19T14:45:00.000Z,999.16
2025-11-19T15:00:00.000Z,999.16
2025-11-19T15:15:00.000Z,999.16
2025-11-19T15:30:00.000Z,999.16
2025-11-19T15:45:00.000Z,999.16
2025-11-19T16:00:00.000Z,999.16
2025-11-19T16:15:00.000Z,999.16
2025-11-19T16:30:00.000Z,999.16
2025-11-19T16:45:00.000Z,999.16
2025-11-19T17:00:00.000Z,999.16
2025-11-19T17:15:00.000Z,999.16
2025-11-19T17:30:00.000Z,999.16
2025-11-19T17:45:00.000Z,999.16
2025-11-19T18:00:00.000Z,999.16
2025-11-19T18:15:00.000Z,999.16
2025-11-19T18:30:00.000Z,999.16
2025-11-19T18:45:00.000Z,999.16
2025-11-19T19:00:00.000Z,999.16
2025-11-19T19:15:00.000Z,999.16
2025-11-19T19:30:00.000Z,999.16
2025-11-19T19:45:00.000Z,999.16
2025-11-19T20:00:00.000Z,999.16
2025-11-19T20:15:00.000Z,999.16
2025-11-19T20:30:00.000Z,999.16
2025-11-19T20:45:00.000Z,999.16
2025-11-19T21:00:00.000Z,999.16
2025-11-19T21:15:00.000Z,999.16
2025-11-19T21:30:00.000Z,999.16
2025-11-19T21:45:00.000Z,999.16
2025-11-19T22:00:00.000Z,999.16
2025-11-19T22:15:00.000Z,999.16
2025-11-19T22:30:00.000Z,999.16
2025-11-19T22:45:00.000Z,999.16
2025-11-19T23:00:00.000Z,999.16
2025-11-19T23:15:00.000Z,999.16
2025-11-19T23:30:00.000Z,999.16
2025-11-19T23:45:00.000Z,999.16
2025-11-20T00:00:00.000Z,999.16
2025-11-20T00:15:00.000Z,999.16
2025-11-20T00:30:00.000Z,999.16
2025-11-20T00:45:00.000Z,999.16
2025-11-20T01:00:00.000Z,999.16
2025-11-20T01:15:00.000Z,999.16
2025-11-20T01:30:00.000Z,999.16
2025-11-20T01:45:00.000Z,999.16
2025-11-20T02:00:00.000Z,999.16
2025-11-20T02:15:00.000Z,999.16
2025-11-20T02:30:00.000Z,999.16
2025-11-20T02:45:00.000Z,999.16
2025-11-20T03:00:00.000Z,999.16
2025-11-20T03:15:00.000Z,999.16
2025-11-20T03:30:00.000Z,999.16
2025-11-20T03:45:00.000Z,999.16
2025-11-20T04:00:00.000Z,999.16
2025-11-20T04:15:00.000Z,999.16
2025-11-20T04:30:00.000Z,999.16
2025-11-20T04:45:00.000Z,999.16
2025-11-20T05:00:00.000Z,999.16
2025-11-20T05:15:00.000Z,999.16
2025-11-20T05:30:00.000Z,999.16
2025-11-20T05:45:00.000Z,999.16
2025-11-20T06:00:00.000Z,999.16
2025-11-20T06:15:00.000Z,999.16
2025-11-20T06:30:00.000Z,999.16
2025-11-20T06:45:00.000Z,999.16
2025-11-20T07:00:00.000Z,999.16
2025-11-20T07:15:00.000Z,999.16
2025-11-20T07:30:00.000Z,999.16
2025-11-20T07:45:00.000Z,999.16
2025-11-20T08:00:00.000Z,999.16
2025-11-20T08:15:00.000Z,999.16
2025-11-20T08:30:00.000Z,999.16
2025-11-20T08:45:00.000Z,999.16
2025-11-20T09:00:00.000Z,999.16
2025-11-20T09:15:00.000Z,999.16
2025-11-20T09:30:00.000Z,999.16
2025-11-20T09:45:00.000Z,999.16
2025-11-20T10:00:00.000Z,999.16
2025-11-20T10:15:00.000Z,999.16
2025-11-20T10:30:00.000Z,999.16
2025-11-20T10:45:00.000Z,999.16
2025-11-20T11:00:00.000Z,999.16
2025-11-20T11:15:00.000Z,999.16
2025-11-20T11:30:00.000Z,999.16
2025-11-20T11:45:00.000Z,999.16
2025-11-20T12:00:00.000Z,999.16
2025-11-20T12:15:00.000Z,999.16
2025-11-20T12:30:00.000Z,999.16
2025-11-20T12:45:00.000Z,999.16
2025-11-20T13:00:00.000Z,999.16
2025-11-20T13:15:00.000Z,999.16
2025-11-20T13:30:00.000Z,999.16
2025-11-20T13:45:00.000Z,999.16
2025-11-20T14:00:00.000Z,999.16
2025-11-20T14:15:00.000Z,999.16
2025-11-20T14:30:00.000Z,999.16
2025-11-20T14:45:00.000Z,999.16
2025-11-20T15:00:00.000Z,999.16
2025-11-20T15:15:00.000Z,999.16
2025-11-20T15:30:00.000Z,999.16
2025-11-20T15:45:00.000Z,999.19
2025-11-20T16:00:00.000Z,999.99
2025-11-20T16:15:00.000Z,1001.26
2025-11-20T16:30:00.000Z,1001.27
2025-11-20T16:45:00.000Z,1001.81
2025-11-20T17:00:00.000Z,1002.19
2025-11-20T17:15:00.000Z,1002.19
2025-11-20T17:30:00.000Z,1002.19
2025-11-20T17:45:00.000Z,1002.19
2025-11-20T18:00:00.000Z,1002.19
2025-11-20T18:15:00.000Z,1002.19
2025-11-20T18:30:00.000Z,1002.19
2025-11-20T18:45:00.000Z,1002.19
2025-11-20T19:00:00.000Z,1002.19
2025-11-20T19:15:00.000Z,1002.19
2025-11-20T19:30:00.000Z,1002.19
2025-11-20T19:45:00.000Z,1002.19
2025-11-20T20:00:00.000Z,1002.19
2025-11-20T20:15:00.000Z,1002.19
2025-11-20T20:30:00.000Z,1002.19
2025-11-20T20:45:00.000Z,1002.19
2025-11-20T21:00:00.000Z,1002.19
2025-11-20T21:15:00.000Z,1002.19
2025-11-20T21:30:00.000Z,1002.19
2025-11-20T21:45:00.000Z,1002.19
2025-11-20T22:00:00.000Z,1002.19
2025-11-20T22:15:00.000Z,1002.19
2025-11-20T22:30:00.000Z,1002.19
2025-11-20T22:45:00.000Z,1002.19
2025-11-20T23:00:00.000Z,1002.19
2025-11-20T23:15:00.000Z,1002.19
2025-11-20T23:30:00.000Z,1002.19
2025-11-20T23:45:00.000Z,1002.19
2025-11-21T00:00:00.000Z,1002.19
2025-11-21T00:15:00.000Z,1002.19
2025-11-21T00:30:00.000Z,1002.19
2025-11-21T00:45:00.000Z,1002.19
2025-11-21T01:00:00.000Z,1002.19
2025-11-21T01:15:00.000Z,1002.19
2025-11-21T01:30:00.000Z,1002.19
2025-11-21T01:45:00.000Z,1002.19
2025-11-21T02:00:00.000Z,1002.19
2025-11-21T02:15:00.000Z,1002.19
2025-11-21T02:30:00.000Z,1002.19
2025-11-21T02:45:00.000Z,1002.19
2025-11-21T03:00:00.000Z,1002.19
2025-11-21T03:15:00.000Z,1002.19
2025-11-21T03:30:00.000Z,1002.19
2025-11-21T03:45:00.000Z,1002.19
2025-11-21T04:00:00.000Z,1002.19
2025-11-21T04:15:00.000Z,1002.19
2025-11-21T04:30:00.000Z,1002.19
2025-11-21T04:45:00.000Z,1002.19
2025-11-21T05:00:00.000Z,1002.19
2025-11-21T05:15:00.000Z,1002.19
2025-11-21T05:30:00.000Z,1002.19
2025-11-21T05:45:00.000Z,1002.19
2025-11-21T06:00:00.000Z,1002.19
2025-11-21T06:15:00.000Z,1002.19
2025-11-21T06:30:00.000Z,1002.19
2025-11-21T06:45:00.000Z,1002.19
2025-11-21T07:00:00.000Z,1002.19
2025-11-21T07:15:00.000Z,1002.19
2025-11-21T07:30:00.000Z,1002.19
2025-11-21T07:45:00.000Z,1002.19
2025-11-21T08:00:00.000Z,1002.58
2025-11-21T08:15:00.000Z,1002.03
2025-11-21T08:30:00.000Z,1002.37
2025-11-21T08:45:00.000Z,1002.88
2025-11-21T09:00:00.000Z,1003.06
2025-11-21T09:15:00.000Z,1002.99
2025-11-21T09:30:00.000Z,1003.72
2025-11-21T09:45:00.000Z,1004.22
2025-11-21T10:00:00.000Z,1004.76
2025-11-21T10:15:00.000Z,1004.87
2025-11-21T10:30:00.000Z,1004.94
2025-11-21T10:45:00.000Z,1004.36
2025-11-21T11:00:00.000Z,1004.17
2025-11-21T11:15:00.000Z,1003.72
2025-11-21T11:30:00.000Z,1003.91
2025-11-21T11:45:00.000Z,1004.39
2025-11-21T12:00:00.000Z,1004.64
2025-11-21T12:15:00.000Z,1004.64
2025-11-21T12:30:00.000Z,1006.25
2025-11-21T12:45:00.000Z,1006.25
2025-11-21T13:00:00.000Z,1006.25
2025-11-21T13:15:00.000Z,1006.25
2025-11-21T13:30:00.000Z,1006.25
2025-11-21T13:45:00.000Z,1006.25
2025-11-21T14:00:00.000Z,1006.25
2025-11-21T14:15:00.000Z,1006.25
2025-11-21T14:30:00.000Z,1006.25
2025-11-21T14:45:00.000Z,1006.25
2025-11-21T15:00:00.000Z,1006.25
2025-11-21T15:15:00.000Z,1006.25
2025-11-21T15:30:00.000Z,1006.25
2025-11-21T15:45:00.000Z,1006.25
2025-11-21T16:00:00.000Z,1006.25
2025-11-21T16:15:00.000Z,1006.25
2025-11-21T16:30:00.000Z,1006.25
2025-11-21T16:45:00.000Z,1006.25
2025-11-21T17:00:00.000Z,1006.25
2025-11-21T17:15:00.000Z,1006.25
2025-11-21T17:30:00.000Z,1006.25
2025-11-21T17:45:00.000Z,1006.25
2025-11-21T18:00:00.000Z,1006.25
2025-11-21T18:15:00.000Z,1006.25
2025-11-21T18:30:00.000Z,1006.25
2025-11-21T18:45:00.000Z,1006.25
2025-11-21T19:00:00.000Z,1006.25
2025-11-21T19:15:00.000Z,1006.25
2025-11-21T19:30:00.000Z,1006.25
2025-11-21T19:45:00.000Z,1006.25
2025-11-21T20:00:00.000Z,1006.25
2025-11-21T20:15:00.000Z,1006.25
2025-11-21T20:30:00.000Z,1006.25
2025-11-21T20:45:00.000Z,1006.25
2025-11-21T21:00:00.000Z,1006.25
2025-11-21T21:15:00.000Z,1006.25
2025-11-21T21:30:00.000Z,1006.25
2025-11-21T21:45:00.000Z,1006.25
2025-11-21T22:00:00.000Z,1006.25
2025-11-21T22:15:00.000Z,1006.25
2025-11-21T22:30:00.000Z,1006.25
2025-11-21T22:45:00.000Z,1006.25
2025-11-21T23:00:00.000Z,1006.25
2025-11-21T23:15:00.000Z,1006.25
2025-11-21T23:30:00.000Z,1006.25
2025-11-21T23:45:00.000Z,1006.25
2025-11-22T00:00:00.000Z,1006.25
2025-11-22T00:15:00.000Z,1006.25
2025-11-22T00:30:00.000Z,1006.25
2025-11-22T00:45:00.000Z,1006.25
2025-11-22T01:00:00.000Z,1006.25
2025-11-22T01:15:00.000Z,1006.25
2025-11-22T01:30:00.000Z,1006.25
2025-11-22T01:45:00.000Z,1006.25
2025-11-22T02:00:00.000Z,1006.25
2025-11-22T02:15:00.000Z,1006.25
2025-11-22T02:30:00.000Z,1006.25
2025-11-22T02:45:00.000Z,1006.25
2025-11-22T03:00:00.000Z,1006.25
2025-11-22T03:15:00.000Z,1006.25
2025-11-22T03:30:00.000Z,1006.25
2025-11-22T03:45:00.000Z,1006.25
2025-11-22T04:00:00.000Z,1006.25
2025-11-22T04:15:00.000Z,1006.25
2025-11-22T04:30:00.000Z,1006.25
2025-11-22T04:45:00.000Z,1006.25
2025-11-22T05:00:00.000Z,1006.25
2025-11-22T05:15:00.000Z,1006.25
2025-11-22T05:30:00.000Z,1006.25
2025-11-22T05:45:00.000Z,1006.25
2025-11-22T06:00:00.000Z,1006.25
2025-11-22T06:15:00.000Z,1006.25
2025-11-22T06:30:00.000Z,1006.25
2025-11-22T06:45:00.000Z,1006.25
2025-11-22T07:00:00.000Z,1006.25
2025-11-22T07:15:00.000Z,1006.25
2025-11-22T07:30:00.000Z,1006.25
2025-11-22T07:45:00.000Z,1006.25
2025-11-22T08:00:00.000Z,1006.25
2025-11-22T08:15:00.000Z,1006.25
2025-11-22T08:30:00.000Z,1006.25
2025-11-22T08:45:00.000Z,1006.25
2025-11-22T09:00:00.000Z,1006.25
2025-11-22T09:15:00.000Z,1006.25
2025-11-22T09:30:00.000Z,1006.25
2025-11-22T09:45:00.000Z,1006.25
2025-11-22T10:00:00.000Z,1006.25
2025-11-22T10:15:00.000Z,1006.25
2025-11-22T10:30:00.000Z,1006.25
2025-11-22T10:45:00.000Z,1006.25
2025-11-22T11:00:00.000Z,1006.25
2025-11-22T11:15:00.000Z,1006.25
2025-11-22T11:30:00.000Z,1006.25
2025-11-22T11:45:00.000Z,1006.25
2025-11-22T12:00:00.000Z,1006.25
2025-11-22T12:15:00.000Z,1006.25
2025-11-22T12:30:00.000Z,1006.25
2025-11-22T12:45:00.000Z,1006.25
2025-11-22T13:00:00.000Z,1006.25
2025-11-22T13:15:00.000Z,1006.25
2025-11-22T13:30:00.000Z,1006.25
2025-11-22T13:45:00.000Z,1006.25
2025-11-22T14:00:00.000Z,1006.25
2025-11-22T14:15:00.000Z,1006.25
2025-11-22T14:30:00.000Z,1006.25
2025-11-22T14:45:00.000Z,1006.25
2025-11-22T15:00:00.000Z,1006.25
2025-11-22T15:15:00.000Z,1006.25
2025-11-22T15:30:00.000Z,1006.25
2025-11-22T15:45:00.000Z,1006.25
2025-11-22T16:00:00.000Z,1006.25
2025-11-22T16:15:00.000Z,1006.25
2025-11-22T16:30:00.000Z,1006.25
2025-11-22T16:45:00.000Z,1006.25
2025-11-22T17:00:00.000Z,1006.25
2025-11-22T17:15:00.000Z,1006.25
2025-11-22T17:30:00.000Z,1006.25
2025-11-22T17:45:00.000Z,1006.25
2025-11-22T18:00:00.000Z,1006.25
2025-11-22T18:15:00.000Z,1006.25
2025-11-22T18:30:00.000Z,1006.25
2025-11-22T18:45:00.000Z,1006.25
2025-11-22T19:00:00.000Z,1006.25
2025-11-22T19:15:00.000Z,1006.25
2025-11-22T19:30:00.000Z,1006.25
2025-11-22T19:45:00.000Z,1006.25
2025-11-22T20:00:00.000Z,1006.25
2025-11-22T20:15:00.000Z,1006.25
2025-11-22T20:30:00.000Z,1006.25
2025-11-22T20:45:00.000Z,1006.25
2025-11-22T21:00:00.000Z,1006.25
2025-11-22T21:15:00.000Z,1006.25
2025-11-22T21:30:00.000Z,1006.25
2025-11-22T21:45:00.000Z,1006.25
2025-11-22T22:00:00.000Z,1006.25
2025-11-22T22:15:00.000Z,1006.25
2025-11-22T22:30:00.000Z,1006.25
2025-11-22T22:45:00.000Z,1006.25
2025-11-22T23:00:00.000Z,1006.25
2025-11-22T23:15:00.000Z,1006.25
2025-11-22T23:30:00.000Z,1006.25
2025-11-22T23:45:00.000Z,1006.25
2025-11-23T00:00:00.000Z,1006.25
2025-11-23T00:15:00.000Z,1006.25
2025-11-23T00:30:00.000Z,1006.25
2025-11-23T00:45:00.000Z,1006.25
2025-11-23T01:00:00.000Z,1006.25
2025-11-23T01:15:00.000Z,1006.25
2025-11-23T01:30:00.000Z,1006.25
2025-11-23T01:45:00.000Z,1006.68
2025-11-23T02:00:00.000Z,1006.66
2025-11-23T02:15:00.000Z,1006.60
2025-11-23T02:30:00.000Z,1006.85
2025-11-23T02:45:00.000Z,1007.00
2025-11-23T03:00:00.000Z,1006.80
2025-11-23T03:15:00.000Z,1006.67
2025-11-23T03:30:00.000Z,1006.74
2025-11-23T03:45:00.000Z,1006.90
2025-11-23T04:00:00.000Z,1007.16
2025-11-23T04:15:00.000Z,1007.34
2025-11-23T04:30:00.000Z,1007.39
2025-11-23T04:45:00.000Z,1007.49
2025-11-23T05:00:00.000Z,1007.44
2025-11-23T05:15:00.000Z,1007.33
2025-11-23T05:30:00.000Z,1007.08
2025-11-23T05:45:00.000Z,1006.85
2025-11-23T06:00:00.000Z,1007.22
2025-11-23T06:15:00.000Z,1007.14
2025-11-23T06:30:00.000Z,1007.00
2025-11-23T06:45:00.000Z,1006.83
2025-11-23T07:00:00.000Z,1006.64
2025-11-23T07:15:00.000Z,1006.65
2025-11-23T07:30:00.000Z,1006.25
2025-11-23T07:45:00.000Z,1006.46
2025-11-23T08:00:00.000Z,1006.55
2025-11-23T08:15:00.000Z,1006.79
2025-11-23T08:30:00.000Z,1006.79
2025-11-23T08:45:00.000Z,1006.64
2025-11-23T09:00:00.000Z,1006.96
2025-11-23T09:15:00.000Z,1007.07
2025-11-23T09:30:00.000Z,1006.99
2025-11-23T09:45:00.000Z,1007.33
2025-11-23T10:00:00.000Z,1007.26
2025-11-23T10:15:00.000Z,1007.14
2025-11-23T10:30:00.000Z,1007.00
2025-11-23T10:45:00.000Z,1007.08
2025-11-23T11:00:00.000Z,1006.88
2025-11-23T11:15:00.000Z,1006.74
2025-11-23T11:30:00.000Z,1006.86
2025-11-23T11:45:00.000Z,1007.10
2025-11-23T12:00:00.000Z,1007.19
2025-11-23T12:15:00.000Z,1007.50
2025-11-23T12:30:00.000Z,1007.71
2025-11-23T12:45:00.000Z,1007.50
2025-11-23T13:00:00.000Z,1007.42
2025-11-23T13:15:00.000Z,1007.21
2025-11-23T13:30:00.000Z,1007.36
2025-11-23T13:45:00.000Z,1007.63
2025-11-23T14:00:00.000Z,1007.89
2025-11-23T14:15:00.000Z,1007.75
2025-11-23T14:30:00.000Z,1007.73
2025-11-23T14:45:00.000Z,1007.70
2025-11-23T15:00:00.000Z,1007.44
2025-11-23T15:15:00.000Z,1007.63
2025-11-23T15:30:00.000Z,1007.61
2025-11-23T15:45:00.000Z,1007.99
2025-11-23T16:00:00.000Z,1008.07
2025-11-23T16:15:00.000Z,1008.20
2025-11-23T16:30:00.000Z,1008.05
2025-11-23T16:45:00.000Z,1008.37
2025-11-23T17:00:00.000Z,1007.60
2025-11-23T17:15:00.000Z,1007.63
2025-11-23T17:30:00.000Z,1007.84
2025-11-23T17:45:00.000Z,1007.83
2025-11-23T18:00:00.000Z,1007.68
2025-11-23T18:15:00.000Z,1007.74
2025-11-23T18:30:00.000Z,1007.84
2025-11-23T18:45:00.000Z,1008.20
2025-11-23T19:00:00.000Z,1007.97
2025-11-23T19:15:00.000Z,1008.25
2025-11-23T19:30:00.000Z,1008.36
2025-11-23T19:45:00.000Z,1008.71
2025-11-23T20:00:00.000Z,1008.35
2025-11-23T20:15:00.000Z,1008.50
2025-11-23T20:30:00.000Z,1008.70
2025-11-23T20:45:00.000Z,1008.59
2025-11-23T21:00:00.000Z,1008.54
2025-11-23T21:15:00.000Z,1008.31
2025-11-23T21:30:00.000Z,1008.67
2025-11-23T21:45:00.000Z,1008.74
2025-11-23T22:00:00.000Z,1009.13
2025-11-23T22:15:00.000Z,1008.85
2025-11-23T22:30:00.000Z,1009.03
2025-11-23T22:45:00.000Z,1008.86
2025-11-23T23:00:00.000Z,1009.15
2025-11-23T23:15:00.000Z,1008.36
2025-11-23T23:30:00.000Z,1008.05
2025-11-23T23:45:00.000Z,1007.80
2025-11-24T00:00:00.000Z,1007.77
2025-11-24T00:15:00.000Z,1007.19
2025-11-24T00:30:00.000Z,1007.32
2025-11-24T00:45:00.000Z,1007.83
2025-11-24T01:00:00.000Z,1007.67
2025-11-24T01:15:00.000Z,1007.71
2025-11-24T01:30:00.000Z,1007.77
2025-11-24T01:45:00.000Z,1007.42
2025-11-24T02:00:00.000Z,1008.05
2025-11-24T02:15:00.000Z,1009.04
2025-11-24T02:30:00.000Z,1008.81
2025-11-24T02:45:00.000Z,1008.43
2025-11-24T03:00:00.000Z,1008.58
2025-11-24T03:15:00.000Z,1008.35
2025-11-24T03:30:00.000Z,1008.69
2025-11-24T03:45:00.000Z,1008.50
2025-11-24T04:00:00.000Z,1008.51
2025-11-24T04:15:00.000Z,1008.38
2025-11-24T04:30:00.000Z,1007.51
2025-11-24T04:45:00.000Z,1007.64
2025-11-24T05:00:00.000Z,1007.67
2025-11-24T05:15:00.000Z,1008.65
2025-11-24T05:30:00.000Z,1008.71
2025-11-24T05:45:00.000Z,1008.62
2025-11-24T06:00:00.000Z,1008.52
2025-11-24T06:15:00.000Z,1007.90
2025-11-24T06:30:00.000Z,1008.16
2025-11-24T06:45:00.000Z,1008.02
2025-11-24T07:00:00.000Z,1007.87
2025-11-24T07:15:00.000Z,1007.81
2025-11-24T07:30:00.000Z,1007.83
2025-11-24T07:45:00.000Z,1008.33
2025-11-24T08:00:00.000Z,1008.03
2025-11-24T08:15:00.000Z,1007.88
2025-11-24T08:30:00.000Z,1007.78
2025-11-24T08:45:00.000Z,1007.78
2025-11-24T09:00:00.000Z,1007.93
2025-11-24T09:15:00.000Z,1007.52
2025-11-24T09:30:00.000Z,1006.74
2025-11-24T09:45:00.000Z,1006.79
2025-11-24T10:00:00.000Z,1006.74
2025-11-24T10:15:00.000Z,1006.69
2025-11-24T10:30:00.000Z,1006.60
2025-11-24T10:45:00.000Z,1006.72
2025-11-24T11:00:00.000Z,1006.86
2025-11-24T11:15:00.000Z,1006.91
2025-11-24T11:30:00.000Z,1006.90
2025-11-24T11:45:00.000Z,1007.27
2025-11-24T12:00:00.000Z,1007.11
2025-11-24T12:15:00.000Z,1006.83
2025-11-24T12:30:00.000Z,1007.04
2025-11-24T12:45:00.000Z,1006.74
2025-11-24T13:00:00.000Z,1006.81
2025-11-24T13:15:00.000Z,1007.20
2025-11-24T13:30:00.000Z,1007.40
2025-11-24T13:45:00.000Z,1007.43
2025-11-24T14:00:00.000Z,1006.99
2025-11-24T14:15:00.000Z,1006.88
2025-11-24T14:30:00.000Z,1006.73
2025-11-24T14:45:00.000Z,1006.31
2025-11-24T15:00:00.000Z,1007.00
2025-11-24T15:15:00.000Z,1007.43
2025-11-24T15:30:00.000Z,1006.90
2025-11-24T15:45:00.000Z,1007.42
2025-11-24T16:00:00.000Z,1007.52
2025-11-24T16:15:00.000Z,1007.84
2025-11-24T16:30:00.000Z,1008.24
2025-11-24T16:45:00.000Z,1008.56
2025-11-24T17:00:00.000Z,1008.18
2025-11-24T17:15:00.000Z,1007.97
2025-11-24T17:30:00.000Z,1008.81
2025-11-24T17:45:00.000Z,1009.07
2025-11-24T18:00:00.000Z,1009.57
2025-11-24T18:15:00.000Z,1009.71
2025-11-24T18:30:00.000Z,1009.56
2025-11-24T18:45:00.000Z,1009.62
2025-11-24T19:00:00.000Z,1009.96
2025-11-24T19:15:00.000Z,1009.93
2025-11-24T19:30:00.000Z,1009.87
2025-11-24T19:45:00.000Z,1009.65
2025-11-24T20:00:00.000Z,1009.53
2025-11-24T20:15:00.000Z,1009.89
2025-11-24T20:30:00.000Z,1010.16
2025-11-24T20:45:00.000Z,1010.22
2025-11-24T21:00:00.000Z,1010.39
2025-11-24T21:15:00.000Z,1010.34
2025-11-24T21:30:00.000Z,1010.19
2025-11-24T21:45:00.000Z,1010.03
2025-11-24T22:00:00.000Z,1010.02
2025-11-24T22:15:00.000Z,1010.33
2025-11-24T22:30:00.000Z,1010.04
2025-11-24T22:45:00.000Z,1010.11
2025-11-24T23:00:00.000Z,1009.88
2025-11-24T23:15:00.000Z,1009.75
2025-11-24T23:30:00.000Z,1009.85
2025-11-24T23:45:00.000Z,1009.64
2025-11-25T00:00:00.000Z,1009.49
2025-11-25T00:15:00.000Z,1009.19
2025-11-25T00:30:00.000Z,1009.03
2025-11-25T00:45:00.000Z,1009.37
2025-11-25T01:00:00.000Z,1009.27
2025-11-25T01:15:00.000Z,1009.31
2025-11-25T01:30:00.000Z,1009.21
2025-11-25T01:45:00.000Z,1009.13
2025-11-25T02:00:00.000Z,1008.85
2025-11-25T02:15:00.000Z,1008.93
2025-11-25T02:30:00.000Z,1008.73
2025-11-25T02:45:00.000Z,1008.77
2025-11-25T03:00:00.000Z,1009.05
2025-11-25T03:15:00.000Z,1008.94
2025-11-25T03:30:00.000Z,1009.09
2025-11-25T03:45:00.000Z,1008.79
2025-11-25T04:00:00.000Z,1008.95
2025-11-25T04:15:00.000Z,1009.31
2025-11-25T04:30:00.000Z,1009.19
2025-11-25T04:45:00.000Z,1009.34
2025-11-25T05:00:00.000Z,1009.54
2025-11-25T05:15:00.000Z,1009.36
2025-11-25T05:30:00.000Z,1009.16
2025-11-25T05:45:00.000Z,1009.39
2025-11-25T06:00:00.000Z,1009.29
2025-11-25T06:15:00.000Z,1009.25
2025-11-25T06:30:00.000Z,1009.09
2025-11-25T06:45:00.000Z,1009.02
2025-11-25T07:00:00.000Z,1009.16
2025-11-25T07:15:00.000Z,1009.18
2025-11-25T07:30:00.000Z,1008.82
2025-11-25T07:45:00.000Z,1008.82
2025-11-25T08:00:00.000Z,1008.46
2025-11-25T08:15:00.000Z,1008.49
2025-11-25T08:30:00.000Z,1008.63
2025-11-25T08:45:00.000Z,1008.48
2025-11-25T09:00:00.000Z,1008.03
2025-11-25T09:15:00.000Z,1007.83
2025-11-25T09:30:00.000Z,1007.67
2025-11-25T09:45:00.000Z,1008.11
2025-11-25T10:00:00.000Z,1008.29
2025-11-25T10:15:00.000Z,1008.08
2025-11-25T10:30:00.000Z,1008.27
2025-11-25T10:45:00.000Z,1008.29
2025-11-25T11:00:00.000Z,1008.49
2025-11-25T11:15:00.000Z,1008.54
2025-11-25T11:30:00.000Z,1008.51
2025-11-25T11:45:00.000Z,1008.52
2025-11-25T12:00:00.000Z,1008.43
2025-11-25T12:15:00.000Z,1008.79
2025-11-25T12:30:00.000Z,1008.74
2025-11-25T12:45:00.000Z,1008.76
2025-11-25T13:00:00.000Z,1008.60
2025-11-25T13:15:00.000Z,1008.70
2025-11-25T13:30:00.000Z,1008.73
2025-11-25T13:45:00.000Z,1008.07
2025-11-25T14:00:00.000Z,1008.12
2025-11-25T14:15:00.000Z,1008.02
2025-11-25T14:30:00.000Z,1008.23
2025-11-25T14:45:00.000Z,1007.57
2025-11-25T15:00:00.000Z,1007.57
2025-11-25T15:15:00.000Z,1007.57
2025-11-25T15:30:00.000Z,1007.57
2025-11-25T15:45:00.000Z,1007.57
2025-11-25T16:00:00.000Z,1007.57
2025-11-25T16:15:00.000Z,1007.57
2025-11-25T16:30:00.000Z,1007.57
2025-11-25T16:45:00.000Z,1007.57
2025-11-25T17:00:00.000Z,1007.57
2025-11-25T17:15:00.000Z,1007.57
2025-11-25T17:30:00.000Z,1007.57
2025-11-25T17:45:00.000Z,1007.57
2025-11-25T18:00:00.000Z,1007.57
2025-11-25T18:15:00.000Z,1007.57
2025-11-25T18:30:00.000Z,1007.57
2025-11-25T18:45:00.000Z,1007.57
2025-11-25T19:00:00.000Z,1007.57
2025-11-25T19:15:00.000Z,1007.57
2025-11-25T19:30:00.000Z,1007.57
2025-11-25T19:45:00.000Z,1007.57
2025-11-25T20:00:00.000Z,1007.57
2025-11-25T20:15:00.000Z,1007.57
2025-11-25T20:30:00.000Z,1007.57
2025-11-25T20:45:00.000Z,1007.57
2025-11-25T21:00:00.000Z,1007.57
2025-11-25T21:15:00.000Z,1007.57
2025-11-25T21:30:00.000Z,1007.57
2025-11-25T21:45:00.000Z,1007.57
2025-11-25T22:00:00.000Z,1007.57
2025-11-25T22:15:00.000Z,1007.57
2025-11-25T22:30:00.000Z,1007.57
2025-11-25T22:45:00.000Z,1007.57
2025-11-25T23:00:00.000Z,1007.57
2025-11-25T23:15:00.000Z,1007.57
2025-11-25T23:30:00.000Z,1007.57
2025-11-25T23:45:00.000Z,1007.57
2025-11-26T00:00:00.000Z,1007.57
2025-11-26T00:15:00.000Z,1007.57
2025-11-26T00:30:00.000Z,1007.57
2025-11-26T00:45:00.000Z,1007.57
2025-11-26T01:00:00.000Z,1007.57
2025-11-26T01:15:00.000Z,1007.57
2025-11-26T01:30:00.000Z,1007.57
2025-11-26T01:45:00.000Z,1007.57
2025-11-26T02:00:00.000Z,1007.57
2025-11-26T02:15:00.000Z,1007.57
2025-11-26T02:30:00.000Z,1007.57
2025-11-26T02:45:00.000Z,1007.57
2025-11-26T03:00:00.000Z,1007.57
2025-11-26T03:15:00.000Z,1007.57
2025-11-26T03:30:00.000Z,1007.57
2025-11-26T03:45:00.000Z,1007.57
2025-11-26T04:00:00.000Z,1007.57
2025-11-26T04:15:00.000Z,1007.57
2025-11-26T04:30:00.000Z,1007.57
2025-11-26T04:45:00.000Z,1007.57
2025-11-26T05:00:00.000Z,1007.57
2025-11-26T05:15:00.000Z,1007.57
2025-11-26T05:30:00.000Z,1007.57
2025-11-26T05:45:00.000Z,1007.57
2025-11-26T06:00:00.000Z,1007.57
2025-11-26T06:15:00.000Z,1007.57
2025-11-26T06:30:00.000Z,1007.57
2025-11-26T06:45:00.000Z,1007.57
2025-11-26T07:00:00.000Z,1007.57
2025-11-26T07:15:00.000Z,1007.57
2025-11-26T07:30:00.000Z,1007.57
2025-11-26T07:45:00.000Z,1007.57
2025-11-26T08:00:00.000Z,1007.57
2025-11-26T08:15:00.000Z,1007.57
2025-11-26T08:30:00.000Z,1007.57
2025-11-26T08:45:00.000Z,1007.57
2025-11-26T09:00:00.000Z,1007.57
2025-11-26T09:15:00.000Z,1007.57
2025-11-26T09:30:00.000Z,1007.57
2025-11-26T09:45:00.000Z,1007.57
2025-11-26T10:00:00.000Z,1007.57
2025-11-26T10:15:00.000Z,1007.57
2025-11-26T10:30:00.000Z,1007.57
2025-11-26T10:45:00.000Z,1007.57
2025-11-26T11:00:00.000Z,1007.57
2025-11-26T11:15:00.000Z,1007.57
2025-11-26T11:30:00.000Z,1007.57
2025-11-26T11:45:00.000Z,1007.57
2025-11-26T12:00:00.000Z,1007.57
2025-11-26T12:15:00.000Z,1007.57
2025-11-26T12:30:00.000Z,1007.57
2025-11-26T12:45:00.000Z,1007.57
2025-11-26T13:00:00.000Z,1007.57
2025-11-26T13:15:00.000Z,1007.57
2025-11-26T13:30:00.000Z,1007.57
2025-11-26T13:45:00.000Z,1007.57
2025-11-26T14:00:00.000Z,1007.57
2025-11-26T14:15:00.000Z,1007.57
2025-11-26T14:30:00.000Z,1007.57
2025-11-26T14:45:00.000Z,1007.57
2025-11-26T15:00:00.000Z,1007.57
2025-11-26T15:15:00.000Z,1007.57
2025-11-26T15:30:00.000Z,1007.57
2025-11-26T15:45:00.000Z,1007.57
2025-11-26T16:00:00.000Z,1007.57
2025-11-26T16:15:00.000Z,1007.57
2025-11-26T16:30:00.000Z,1007.57
2025-11-26T16:45:00.000Z,1007.57
2025-11-26T17:00:00.000Z,1007.57
2025-11-26T17:15:00.000Z,1007.57
2025-11-26T17:30:00.000Z,1007.57
2025-11-26T17:45:00.000Z,1008.53
2025-11-26T18:00:00.000Z,1008.89
2025-11-26T18:15:00.000Z,1009.14
2025-11-26T18:30:00.000Z,1009.47
2025-11-26T18:45:00.000Z,1008.77
2025-11-26T19:00:00.000Z,1009.24
2025-11-26T19:15:00.000Z,1008.88
2025-11-26T19:30:00.000Z,1008.84
2025-11-26T19:45:00.000Z,1008.94
2025-11-26T20:00:00.000Z,1009.03
2025-11-26T20:15:00.000Z,1009.05
2025-11-26T20:30:00.000Z,1009.08
2025-11-26T20:45:00.000Z,1008.72
2025-11-26T21:00:00.000Z,1008.93
2025-11-26T21:15:00.000Z,1008.89
2025-11-26T21:30:00.000Z,1009.38
2025-11-26T21:45:00.000Z,1009.34
2025-11-26T22:00:00.000Z,1009.30
2025-11-26T22:15:00.000Z,1009.44
2025-11-26T22:30:00.000Z,1009.46
2025-11-26T22:45:00.000Z,1009.35
2025-11-26T23:00:00.000Z,1009.51
2025-11-26T23:15:00.000Z,1009.66
2025-11-26T23:30:00.000Z,1009.46
2025-11-26T23:45:00.000Z,1009.55
2025-11-27T00:00:00.000Z,1009.62
2025-11-27T00:15:00.000Z,1009.28
2025-11-27T00:30:00.000Z,1009.32
2025-11-27T00:45:00.000Z,1009.49
2025-11-27T01:00:00.000Z,1009.63
2025-11-27T01:15:00.000Z,1009.85
2025-11-27T01:30:00.000Z,1009.89
2025-11-27T01:45:00.000Z,1009.88
2025-11-27T02:00:00.000Z,1010.37
2025-11-27T02:15:00.000Z,1010.24
2025-11-27T02:30:00.000Z,1010.75
2025-11-27T02:45:00.000Z,1011.12
2025-11-27T03:00:00.000Z,1010.65
2025-11-27T03:15:00.000Z,1010.62
2025-11-27T03:30:00.000Z,1010.59
2025-11-27T03:45:00.000Z,1010.40
2025-11-27T04:00:00.000Z,1010.32
2025-11-27T04:15:00.000Z,1010.54
2025-11-27T04:30:00.000Z,1010.36
2025-11-27T04:45:00.000Z,1010.39
2025-11-27T05:00:00.000Z,1010.53
2025-11-27T05:15:00.000Z,1010.55
2025-11-27T05:30:00.000Z,1010.76
2025-11-27T05:45:00.000Z,1010.19
2025-11-27T06:00:00.000Z,1010.19
2025-11-27T06:15:00.000Z,1010.54
2025-11-27T06:30:00.000Z,1010.64
2025-11-27T06:45:00.000Z,1010.59
2025-11-27T07:00:00.000Z,1010.49
2025-11-27T07:15:00.000Z,1010.53
2025-11-27T07:30:00.000Z,1010.71
2025-11-27T07:45:00.000Z,1010.62
2025-11-27T08:00:00.000Z,1010.67
2025-11-27T08:15:00.000Z,1010.50
2025-11-27T08:30:00.000Z,1010.63
2025-11-27T08:45:00.000Z,1010.65
2025-11-27T09:00:00.000Z,1010.76
2025-11-27T09:15:00.000Z,1010.78
2025-11-27T09:30:00.000Z,1010.88
2025-11-27T09:45:00.000Z,1011.10
2025-11-27T10:00:00.000Z,1010.84
2025-11-27T10:15:00.000Z,1010.87
2025-11-27T10:30:00.000Z,1010.93
2025-11-27T10:45:00.000Z,1010.88
2025-11-27T11:00:00.000Z,1010.89
2025-11-27T11:15:00.000Z,1010.80
2025-11-27T11:30:00.000Z,1010.62
2025-11-27T11:45:00.000Z,1010.74
2025-11-27T12:00:00.000Z,1010.63
2025-11-27T12:15:00.000Z,1010.67
2025-11-27T12:30:00.000Z,1010.53
2025-11-27T12:45:00.000Z,1010.34
2025-11-27T13:00:00.000Z,1010.21
2025-11-27T13:15:00.000Z,1010.02
2025-11-27T13:30:00.000Z,1009.91
2025-11-27T13:45:00.000Z,1010.03
2025-11-27T14:00:00.000Z,1010.06
2025-11-27T14:15:00.000Z,1010.04
2025-11-27T14:30:00.000Z,1010.17
2025-11-27T14:45:00.000Z,1009.94
2025-11-27T15:00:00.000Z,1009.99
2025-11-27T15:15:00.000Z,1009.89
2025-11-27T15:30:00.000Z,1010.15
2025-11-27T15:45:00.000Z,1010.10
2025-11-27T16:00:00.000Z,1010.18
2025-11-27T16:15:00.000Z,1010.48
2025-11-27T16:30:00.000Z,1010.45
2025-11-27T16:45:00.000Z,1010.55
2025-11-27T17:00:00.000Z,1010.73
2025-11-27T17:15:00.000Z,1010.74
2025-11-27T17:30:00.000Z,1010.63
2025-11-27T17:45:00.000Z,1010.71
2025-11-27T18:00:00.000Z,1010.75
2025-11-27T18:15:00.000Z,1010.69
2025-11-27T18:30:00.000Z,1010.68
2025-11-27T18:45:00.000Z,1011.05
2025-11-27T19:00:00.000Z,1011.09
2025-11-27T19:15:00.000Z,1010.91
2025-11-27T19:30:00.000Z,1010.90
2025-11-27T19:45:00.000Z,1011.00
2025-11-27T20:00:00.000Z,1010.80
2025-11-27T20:15:00.000Z,1010.76
2025-11-27T20:30:00.000Z,1010.69
2025-11-27T20:45:00.000Z,1010.73
2025-11-27T21:00:00.000Z,1010.70
2025-11-27T21:15:00.000Z,1010.69
2025-11-27T21:30:00.000Z,1010.80
2025-11-27T21:45:00.000Z,1010.81
2025-11-27T22:00:00.000Z,1010.68
2025-11-27T22:15:00.000Z,1010.75
2025-11-27T22:30:00.000Z,1010.85
2025-11-27T22:45:00.000Z,1010.48
2025-11-27T23:00:00.000Z,1010.57
2025-11-27T23:15:00.000Z,1010.78
2025-11-27T23:30:00.000Z,1010.65
2025-11-27T23:45:00.000Z,1010.65
2025-11-28T00:00:00.000Z,1010.59
2025-11-28T00:15:00.000Z,1010.40
2025-11-28T00:30:00.000Z,1010.48
2025-11-28T00:45:00.000Z,1010.47
2025-11-28T01:00:00.000Z,1010.45
2025-11-28T01:15:00.000Z,1010.10
2025-11-28T01:30:00.000Z,1010.16
2025-11-28T01:45:00.000Z,1010.26
2025-11-28T02:00:00.000Z,1010.01
2025-11-28T02:15:00.000Z,1010.11
2025-11-28T02:30:00.000Z,1009.88
2025-11-28T02:45:00.000Z,1010.03
2025-11-28T03:00:00.000Z,1010.31
2025-11-28T03:15:00.000Z,1010.34
2025-11-28T03:30:00.000Z,1010.46
2025-11-28T03:45:00.000Z,1010.37
2025-11-28T04:00:00.000Z,1010.45
2025-11-28T04:15:00.000Z,1010.62
2025-11-28T04:30:00.000Z,1010.67
2025-11-28T04:45:00.000Z,1010.72
2025-11-28T05:00:00.000Z,1010.69
2025-11-28T05:15:00.000Z,1010.77
2025-11-28T05:30:00.000Z,1010.80
2025-11-28T05:45:00.000Z,1010.85
2025-11-28T06:00:00.000Z,1010.89
2025-11-28T06:15:00.000Z,1010.66
2025-11-28T06:30:00.000Z,1010.55
2025-11-28T06:45:00.000Z,1010.67
2025-11-28T07:00:00.000Z,1010.55
2025-11-28T07:15:00.000Z,1010.66
2025-11-28T07:30:00.000Z,1010.75
2025-11-28T07:45:00.000Z,1010.30
2025-11-28T08:00:00.000Z,1010.13
2025-11-28T08:15:00.000Z,1010.36
2025-11-28T08:30:00.000Z,1010.39
2025-11-28T08:45:00.000Z,1010.37
2025-11-28T09:00:00.000Z,1010.98
2025-11-28T09:15:00.000Z,1010.96
2025-11-28T09:30:00.000Z,1010.91
2025-11-28T09:45:00.000Z,1010.75
2025-11-28T10:00:00.000Z,1010.88
2025-11-28T10:15:00.000Z,1010.80
2025-11-28T10:30:00.000Z,1010.84
2025-11-28T10:45:00.000Z,1010.91
2025-11-28T11:00:00.000Z,1011.15
2025-11-28T11:15:00.000Z,1010.63
2025-11-28T11:30:00.000Z,1010.53
2025-11-28T11:45:00.000Z,1010.55
2025-11-28T12:00:00.000Z,1010.70
2025-11-28T12:15:00.000Z,1010.79
2025-11-28T12:30:00.000Z,1010.83
2025-11-28T12:45:00.000Z,1010.75
2025-11-28T13:00:00.000Z,1010.78
2025-11-28T13:15:00.000Z,1010.76
2025-11-28T13:30:00.000Z,1010.83
2025-11-28T13:45:00.000Z,1011.14
2025-11-28T14:00:00.000Z,1011.73
2025-11-28T14:15:00.000Z,1011.70
2025-11-28T14:30:00.000Z,1012.37
2025-11-28T14:45:00.000Z,1011.33
2025-11-28T15:00:00.000Z,1011.59
2025-11-28T15:15:00.000Z,1011.62
2025-11-28T15:30:00.000Z,1012.05
2025-11-28T15:45:00.000Z,1011.89
2025-11-28T16:00:00.000Z,1011.71
2025-11-28T16:15:00.000Z,1011.19
2025-11-28T16:30:00.000Z,1010.43
2025-11-28T16:45:00.000Z,1010.86
2025-11-28T17:00:00.000Z,1010.15
2025-11-28T17:15:00.000Z,1010.14
2025-11-28T17:30:00.000Z,1009.66
2025-11-28T17:45:00.000Z,1009.41
2025-11-28T18:00:00.000Z,1009.86
2025-11-28T18:15:00.000Z,1010.11
2025-11-28T18:30:00.000Z,1010.00
2025-11-28T18:45:00.000Z,1010.02
2025-11-28T19:00:00.000Z,1010.04
2025-11-28T19:15:00.000Z,1010.21
2025-11-28T19:30:00.000Z,1010.32
2025-11-28T19:45:00.000Z,1010.36
2025-11-28T20:00:00.000Z,1010.40
2025-11-28T20:15:00.000Z,1010.25
2025-11-28T20:30:00.000Z,1010.39
2025-11-28T20:45:00.000Z,1010.36
2025-11-28T21:00:00.000Z,1010.44
2025-11-28T21:15:00.000Z,1010.39
2025-11-28T21:30:00.000Z,1010.37
2025-11-28T21:45:00.000Z,1010.49
2025-11-28T22:00:00.000Z,1010.10
2025-11-28T22:15:00.000Z,1010.03
2025-11-28T22:30:00.000Z,1010.08
2025-11-28T22:45:00.000Z,1010.23
2025-11-28T23:00:00.000Z,1010.36
2025-11-28T23:15:00.000Z,1010.35
2025-11-28T23:30:00.000Z,1010.20
2025-11-28T23:45:00.000Z,1010.22
2025-11-29T00:00:00.000Z,1010.10
2025-11-29T00:15:00.000Z,1010.08
2025-11-29T00:30:00.000Z,1010.11
2025-11-29T00:45:00.000Z,1010.16
2025-11-29T01:00:00.000Z,1010.10
2025-11-29T01:15:00.000Z,1010.27
2025-11-29T01:30:00.000Z,1010.18
2025-11-29T01:45:00.000Z,1010.06
2025-11-29T02:00:00.000Z,1010.09
2025-11-29T02:15:00.000Z,1010.07
2025-11-29T02:30:00.000Z,1010.05
2025-11-29T02:45:00.000Z,1009.86
2025-11-29T03:00:00.000Z,1010.00
2025-11-29T03:15:00.000Z,1010.03
2025-11-29T03:30:00.000Z,1009.92
2025-11-29T03:45:00.000Z,1009.88
2025-11-29T04:00:00.000Z,1009.87
2025-11-29T04:15:00.000Z,1009.81
2025-11-29T04:30:00.000Z,1009.89
2025-11-29T04:45:00.000Z,1009.98
2025-11-29T05:00:00.000Z,1010.12
2025-11-29T05:15:00.000Z,1009.99
2025-11-29T05:30:00.000Z,1010.11
2025-11-29T05:45:00.000Z,1010.07
2025-11-29T06:00:00.000Z,1009.95
2025-11-29T06:15:00.000Z,1010.03
2025-11-29T06:30:00.000Z,1009.73
2025-11-29T06:45:00.000Z,1009.73
2025-11-29T07:00:00.000Z,1009.75
2025-11-29T07:15:00.000Z,1009.74
2025-11-29T07:30:00.000Z,1009.67
2025-11-29T07:45:00.000Z,1009.61
2025-11-29T08:00:00.000Z,1009.75
2025-11-29T08:15:00.000Z,1009.82
2025-11-29T08:30:00.000Z,1009.81
2025-11-29T08:45:00.000Z,1009.82
2025-11-29T09:00:00.000Z,1009.82
2025-11-29T09:15:00.000Z,1009.78
2025-11-29T09:30:00.000Z,1009.71
2025-11-29T09:45:00.000Z,1009.77
2025-11-29T10:00:00.000Z,1009.74
2025-11-29T10:15:00.000Z,1009.75
2025-11-29T10:30:00.000Z,1009.76
2025-11-29T10:45:00.000Z,1009.79
2025-11-29T11:00:00.000Z,1009.73
2025-11-29T11:15:00.000Z,1009.79
2025-11-29T11:30:00.000Z,1009.72
2025-11-29T11:45:00.000Z,1009.79
2025-11-29T12:00:00.000Z,1009.87
2025-11-29T12:15:00.000Z,1009.84
2025-11-29T12:30:00.000Z,1009.74
2025-11-29T12:45:00.000Z,1009.81
2025-11-29T13:00:00.000Z,1009.80
2025-11-29T13:15:00.000Z,1009.80
2025-11-29T13:30:00.000Z,1009.97
2025-11-29T13:45:00.000Z,1009.94
2025-11-29T14:00:00.000Z,1009.99
2025-11-29T14:15:00.000Z,1009.93
2025-11-29T14:30:00.000Z,1009.86
2025-11-29T14:45:00.000Z,1009.86
2025-11-29T15:00:00.000Z,1009.81
2025-11-29T15:15:00.000Z,1009.96
2025-11-29T15:30:00.000Z,1010.09
2025-11-29T15:45:00.000Z,1010.08
2025-11-29T16:00:00.000Z,1010.29
2025-11-29T16:15:00.000Z,1010.22
2025-11-29T16:30:00.000Z,1010.12
2025-11-29T16:45:00.000Z,1010.15
2025-11-29T17:00:00.000Z,1010.23
2025-11-29T17:15:00.000Z,1009.90
2025-11-29T17:30:00.000Z,1009.90
2025-11-29T17:45:00.000Z,1009.76
2025-11-29T18:00:00.000Z,1009.59
2025-11-29T18:15:00.000Z,1009.53
2025-11-29T18:30:00.000Z,1009.46
2025-11-29T18:45:00.000Z,1009.77
2025-11-29T19:00:00.000Z,1009.89
2025-11-29T19:15:00.000Z,1009.92
2025-11-29T19:30:00.000Z,1010.01
2025-11-29T19:45:00.000Z,1009.83
2025-11-29T20:00:00.000Z,1009.83
2025-11-29T20:15:00.000Z,1009.62
2025-11-29T20:30:00.000Z,1009.85
2025-11-29T20:45:00.000Z,1010.01
2025-11-29T21:00:00.000Z,1010.18
2025-11-29T21:15:00.000Z,1010.06
2025-11-29T21:30:00.000Z,1010.16
2025-11-29T21:45:00.000Z,1010.26
2025-11-29T22:00:00.000Z,1010.23
2025-11-29T22:15:00.000Z,1009.94
2025-11-29T22:30:00.000Z,1009.93
2025-11-29T22:45:00.000Z,1010.10
2025-11-29T23:00:00.000Z,1009.95
2025-11-29T23:15:00.000Z,1009.91
2025-11-29T23:30:00.000Z,1010.02
2025-11-29T23:45:00.000Z,1010.06
2025-11-30T00:00:00.000Z,1010.01
2025-11-30T00:15:00.000Z,1010.10
2025-11-30T00:30:00.000Z,1010.07
2025-11-30T00:45:00.000Z,1010.07
2025-11-30T01:00:00.000Z,1010.11
2025-11-30T01:15:00.000Z,1010.23
2025-11-30T01:30:00.000Z,1010.17
2025-11-30T01:45:00.000Z,1010.18
2025-11-30T02:00:00.000Z,1010.13
2025-11-30T02:15:00.000Z,1010.16
2025-11-30T02:30:00.000Z,1010.18
2025-11-30T02:45:00.000Z,1010.06
2025-11-30T03:00:00.000Z,1010.00
2025-11-30T03:15:00.000Z,1009.80
2025-11-30T03:30:00.000Z,1009.88
2025-11-30T03:45:00.000Z,1010.12
2025-11-30T04:00:00.000Z,1010.12
2025-11-30T04:15:00.000Z,1010.15
2025-11-30T04:30:00.000Z,1010.08
2025-11-30T04:45:00.000Z,1010.05
2025-11-30T05:00:00.000Z,1010.07
2025-11-30T05:15:00.000Z,1009.98
2025-11-30T05:30:00.000Z,1009.88
2025-11-30T05:45:00.000Z,1009.96
2025-11-30T06:00:00.000Z,1009.99
2025-11-30T06:15:00.000Z,1009.97
2025-11-30T06:30:00.000Z,1010.12
2025-11-30T06:45:00.000Z,1010.14
2025-11-30T07:00:00.000Z,1010.11
2025-11-30T07:15:00.000Z,1010.19
2025-11-30T07:30:00.000Z,1010.17
2025-11-30T07:45:00.000Z,1010.13
2025-11-30T08:00:00.000Z,1010.19
2025-11-30T08:15:00.000Z,1010.21
2025-11-30T08:30:00.000Z,1010.40
2025-11-30T08:45:00.000Z,1010.42
2025-11-30T09:00:00.000Z,1010.43
2025-11-30T09:15:00.000Z,1010.76
2025-11-30T09:30:00.000Z,1010.68
2025-11-30T09:45:00.000Z,1010.68
2025-11-30T10:00:00.000Z,1010.68
2025-11-30T10:15:00.000Z,1010.51
2025-11-30T10:30:00.000Z,1010.66
2025-11-30T10:45:00.000Z,1010.47
2025-11-30T11:00:00.000Z,1010.48
2025-11-30T11:15:00.000Z,1010.58
2025-11-30T11:30:00.000Z,1010.50
2025-11-30T11:45:00.000Z,1010.38
2025-11-30T12:00:00.000Z,1010.28
2025-11-30T12:15:00.000Z,1010.49
2025-11-30T12:30:00.000Z,1010.51
2025-11-30T12:45:00.000Z,1010.71
2025-11-30T13:00:00.000Z,1010.74
2025-11-30T13:15:00.000Z,1010.74
2025-11-30T13:30:00.000Z,1011.15
2025-11-30T13:45:00.000Z,1010.98
2025-11-30T14:00:00.000Z,1011.07
2025-11-30T14:15:00.000Z,1010.97
2025-11-30T14:30:00.000Z,1010.83
2025-11-30T14:45:00.000Z,1010.62
2025-11-30T15:00:00.000Z,1010.77
2025-11-30T15:15:00.000Z,1010.68
2025-11-30T15:30:00.000Z,1010.85
2025-11-30T15:45:00.000Z,1010.68
2025-11-30T16:00:00.000Z,1010.70
2025-11-30T16:15:00.000Z,1010.77
2025-11-30T16:30:00.000Z,1011.05
2025-11-30T16:45:00.000Z,1010.99
2025-11-30T17:00:00.000Z,1011.13
2025-11-30T17:15:00.000Z,1010.68
2025-11-30T17:30:00.000Z,1010.65
2025-11-30T17:45:00.000Z,1010.75
2025-11-30T18:00:00.000Z,1010.76
2025-11-30T18:15:00.000Z,1010.56
2025-11-30T18:30:00.000Z,1010.65
2025-11-30T18:45:00.000Z,1010.65
2025-11-30T19:00:00.000Z,1010.73
2025-11-30T19:15:00.000Z,1010.72
2025-11-30T19:30:00.000Z,1010.60
2025-11-30T19:45:00.000Z,1010.72
2025-11-30T20:00:00.000Z,1010.73
2025-11-30T20:15:00.000Z,1010.84
2025-11-30T20:30:00.000Z,1010.57
2025-11-30T20:45:00.000Z,1010.53
2025-11-30T21:00:00.000Z,1010.57
2025-11-30T21:15:00.000Z,1010.41
2025-11-30T21:30:00.000Z,1010.31
2025-11-30T21:45:00.000Z,1010.30
2025-11-30T22:00:00.000Z,1010.41
2025-11-30T22:15:00.000Z,1010.52
2025-11-30T22:30:00.000Z,1010.48
2025-11-30T22:45:00.000Z,1010.32
2025-11-30T23:00:00.000Z,1010.47
2025-11-30T23:15:00.000Z,1010.19
2025-11-30T23:30:00.000Z,1009.85
2025-11-30T23:45:00.000Z,1009.85
2025-12-01T00:00:00.000Z,1009.52
2025-12-01T00:15:00.000Z,1007.95
2025-12-01T00:30:00.000Z,1008.56
2025-12-01T00:45:00.000Z,1009.28
2025-12-01T01:00:00.000Z,1010.11
2025-12-01T01:15:00.000Z,1009.65
2025-12-01T01:30:00.000Z,1009.81
2025-12-01T01:45:00.000Z,1009.62
2025-12-01T02:00:00.000Z,1009.92
2025-12-01T02:15:00.000Z,1009.66
2025-12-01T02:30:00.000Z,1010.01
2025-12-01T02:45:00.000Z,1010.31
2025-12-01T03:00:00.000Z,1010.42
2025-12-01T03:15:00.000Z,1010.79
2025-12-01T03:30:00.000Z,1010.80
2025-12-01T03:45:00.000Z,1010.73
2025-12-01T04:00:00.000Z,1010.84
2025-12-01T04:15:00.000Z,1011.20
2025-12-01T04:30:00.000Z,1011.20
2025-12-01T04:45:00.000Z,1011.20
2025-12-01T05:00:00.000Z,1011.20
2025-12-01T05:15:00.000Z,1011.20
2025-12-01T05:30:00.000Z,1011.49
2025-12-01T05:45:00.000Z,1011.19
2025-12-01T06:00:00.000Z,1011.48
2025-12-01T06:15:00.000Z,1011.81
2025-12-01T06:30:00.000Z,1011.57
2025-12-01T06:45:00.000Z,1011.82
2025-12-01T07:00:00.000Z,1011.76
2025-12-01T07:15:00.000Z,1011.67
2025-12-01T07:30:00.000Z,1011.77
2025-12-01T07:45:00.000Z,1012.03
2025-12-01T08:00:00.000Z,1012.12
2025-12-01T08:15:00.000Z,1012.04
2025-12-01T08:30:00.000Z,1012.24
2025-12-01T08:45:00.000Z,1012.41
2025-12-01T09:00:00.000Z,1012.50
2025-12-01T09:15:00.000Z,1012.23
2025-12-01T09:30:00.000Z,1012.19
2025-12-01T09:45:00.000Z,1012.46
2025-12-01T10:00:00.000Z,1012.30
2025-12-01T10:15:00.000Z,1012.27
2025-12-01T10:30:00.000Z,1012.18
2025-12-01T10:45:00.000Z,1012.21
2025-12-01T11:00:00.000Z,1012.24
2025-12-01T11:15:00.000Z,1012.05
2025-12-01T11:30:00.000Z,1012.02
2025-12-01T11:45:00.000Z,1011.82
2025-12-01T12:00:00.000Z,1011.66
2025-12-01T12:15:00.000Z,1011.35
2025-12-01T12:30:00.000Z,1011.29
2025-12-01T12:45:00.000Z,1010.88
2025-12-01T13:00:00.000Z,1010.82
2025-12-01T13:15:00.000Z,1011.58
2025-12-01T13:30:00.000Z,1011.48
2025-12-01T13:45:00.000Z,1011.24
2025-12-01T14:00:00.000Z,1011.47
2025-12-01T14:15:00.000Z,1011.76
2025-12-01T14:30:00.000Z,1011.77
2025-12-01T14:45:00.000Z,1011.55
2025-12-01T15:00:00.000Z,1011.56
2025-12-01T15:15:00.000Z,1011.01
2025-12-01T15:30:00.000Z,1010.27
2025-12-01T15:45:00.000Z,1009.08
2025-12-01T16:00:00.000Z,1008.20
2025-12-01T16:15:00.000Z,1008.84
2025-12-01T16:30:00.000Z,1008.34
2025-12-01T16:45:00.000Z,1007.65
2025-12-01T17:00:00.000Z,1008.33
2025-12-01T17:15:00.000Z,1008.33
2025-12-01T17:30:00.000Z,1007.84
2025-12-01T17:45:00.000Z,1007.58
2025-12-01T18:00:00.000Z,1007.91
2025-12-01T18:15:00.000Z,1007.30
2025-12-01T18:30:00.000Z,1007.45
2025-12-01T18:45:00.000Z,1008.07
2025-12-01T19:00:00.000Z,1007.58
2025-12-01T19:15:00.000Z,1007.78
2025-12-01T19:30:00.000Z,1008.13
2025-12-01T19:45:00.000Z,1008.13
2025-12-01T20:00:00.000Z,1007.79
2025-12-01T20:15:00.000Z,1007.17
2025-12-01T20:30:00.000Z,1007.50
2025-12-01T20:45:00.000Z,1007.26
2025-12-01T21:00:00.000Z,1007.20
2025-12-01T21:15:00.000Z,1007.03
2025-12-01T21:30:00.000Z,1007.03
2025-12-01T21:45:00.000Z,1007.03
2025-12-01T22:00:00.000Z,1007.03
2025-12-01T22:15:00.000Z,1007.03
2025-12-01T22:30:00.000Z,1007.03
2025-12-01T22:45:00.000Z,1007.03
2025-12-01T23:00:00.000Z,1007.03
2025-12-01T23:15:00.000Z,1007.03
2025-12-01T23:30:00.000Z,1007.03
2025-12-01T23:45:00.000Z,1007.03
2025-12-02T00:00:00.000Z,1007.03
2025-12-02T00:15:00.000Z,1007.03
2025-12-02T00:30:00.000Z,1007.03
2025-12-02T00:45:00.000Z,1007.03
2025-12-02T01:00:00.000Z,1007.03
2025-12-02T01:15:00.000Z,1007.03
2025-12-02T01:30:00.000Z,1007.03
2025-12-02T01:45:00.000Z,1007.03
2025-12-02T02:00:00.000Z,1007.03
2025-12-02T02:15:00.000Z,1007.03
2025-12-02T02:30:00.000Z,1007.03
2025-12-02T02:45:00.000Z,1007.03
2025-12-02T03:00:00.000Z,1007.03
2025-12-02T03:15:00.000Z,1007.03
2025-12-02T03:30:00.000Z,1007.03
2025-12-02T03:45:00.000Z,1007.03
2025-12-02T04:00:00.000Z,1007.03
2025-12-02T04:15:00.000Z,1007.03
2025-12-02T04:30:00.000Z,1006.96
2025-12-02T04:45:00.000Z,1006.85
2025-12-02T05:00:00.000Z,1006.89
2025-12-02T05:15:00.000Z,1006.92
2025-12-02T05:30:00.000Z,1006.82
2025-12-02T05:45:00.000Z,1006.86
2025-12-02T06:00:00.000Z,1006.93
2025-12-02T06:15:00.000Z,1006.89
2025-12-02T06:30:00.000Z,1006.83
2025-12-02T06:45:00.000Z,1007.09
2025-12-02T07:00:00.000Z,1007.03
2025-12-02T07:15:00.000Z,1006.85
2025-12-02T07:30:00.000Z,1006.82
2025-12-02T07:45:00.000Z,1006.93
2025-12-02T08:00:00.000Z,1006.94
2025-12-02T08:15:00.000Z,1006.65
2025-12-02T08:30:00.000Z,1006.34
2025-12-02T08:45:00.000Z,1006.31
2025-12-02T09:00:00.000Z,1006.32
2025-12-02T09:15:00.000Z,1006.53
2025-12-02T09:30:00.000Z,1006.78
2025-12-02T09:45:00.000Z,1006.53
2025-12-02T10:00:00.000Z,1006.66
2025-12-02T10:15:00.000Z,1006.82
2025-12-02T10:30:00.000Z,1006.69
2025-12-02T10:45:00.000Z,1007.00
2025-12-02T11:00:00.000Z,1007.24
2025-12-02T11:15:00.000Z,1007.02
2025-12-02T11:30:00.000Z,1007.40
2025-12-02T11:45:00.000Z,1007.30
2025-12-02T12:00:00.000Z,1007.35
2025-12-02T12:15:00.000Z,1007.44
2025-12-02T12:30:00.000Z,1007.44
2025-12-02T12:45:00.000Z,1007.31
2025-12-02T13:00:00.000Z,1007.23
2025-12-02T13:15:00.000Z,1007.11
2025-12-02T13:30:00.000Z,1007.29
2025-12-02T13:45:00.000Z,1007.47
2025-12-02T14:00:00.000Z,1007.76
2025-12-02T14:15:00.000Z,1008.46
2025-12-02T14:30:00.000Z,1008.85
2025-12-02T14:45:00.000Z,1009.02
2025-12-02T15:00:00.000Z,1009.53
2025-12-02T15:15:00.000Z,1011.13
2025-12-02T15:30:00.000Z,1011.13
2025-12-02T15:45:00.000Z,1011.13
2025-12-02T16:00:00.000Z,1011.13
2025-12-02T16:15:00.000Z,1011.13
2025-12-02T16:30:00.000Z,1011.13
2025-12-02T16:45:00.000Z,1011.13
2025-12-02T17:00:00.000Z,1011.13
2025-12-02T17:15:00.000Z,1011.13
2025-12-02T17:30:00.000Z,1011.13
2025-12-02T17:45:00.000Z,1011.13
2025-12-02T18:00:00.000Z,1011.13
2025-12-02T18:15:00.000Z,1011.13
2025-12-02T18:30:00.000Z,1011.13
2025-12-02T18:45:00.000Z,1011.13
2025-12-02T19:00:00.000Z,1011.13
2025-12-02T19:15:00.000Z,1011.13
2025-12-02T19:30:00.000Z,1011.13
2025-12-02T19:45:00.000Z,1011.13
2025-12-02T20:00:00.000Z,1011.13
2025-12-02T20:15:00.000Z,1011.13
2025-12-02T20:30:00.000Z,1011.13
2025-12-02T20:45:00.000Z,1011.13
2025-12-02T21:00:00.000Z,1011.13
2025-12-02T21:15:00.000Z,1011.13
2025-12-02T21:30:00.000Z,1011.13
2025-12-02T21:45:00.000Z,1011.13
2025-12-02T22:00:00.000Z,1011.13
2025-12-02T22:15:00.000Z,1011.13
2025-12-02T22:30:00.000Z,1011.13
2025-12-02T22:45:00.000Z,1011.13
2025-12-02T23:00:00.000Z,1011.13
2025-12-02T23:15:00.000Z,1011.13
2025-12-02T23:30:00.000Z,1011.13
2025-12-02T23:45:00.000Z,1011.13
2025-12-03T00:00:00.000Z,1011.13
2025-12-03T00:15:00.000Z,1011.13
2025-12-03T00:30:00.000Z,1011.13
2025-12-03T00:45:00.000Z,1011.13
2025-12-03T01:00:00.000Z,1011.13
2025-12-03T01:15:00.000Z,1011.13
2025-12-03T01:30:00.000Z,1011.13
2025-12-03T01:45:00.000Z,1011.13
2025-12-03T02:00:00.000Z,1011.13
2025-12-03T02:15:00.000Z,1011.82
2025-12-03T02:30:00.000Z,1011.73
2025-12-03T02:45:00.000Z,1011.57
2025-12-03T03:00:00.000Z,1011.75
2025-12-03T03:15:00.000Z,1011.69
2025-12-03T03:30:00.000Z,1011.77
2025-12-03T03:45:00.000Z,1011.65
2025-12-03T04:00:00.000Z,1011.54
2025-12-03T04:15:00.000Z,1011.82
2025-12-03T04:30:00.000Z,1011.75
2025-12-03T04:45:00.000Z,1011.89
2025-12-03T05:00:00.000Z,1012.34
2025-12-03T05:15:00.000Z,1012.29
2025-12-03T05:30:00.000Z,1012.32
2025-12-03T05:45:00.000Z,1012.40
2025-12-03T06:00:00.000Z,1012.64
2025-12-03T06:15:00.000Z,1012.70
2025-12-03T06:30:00.000Z,1012.96
2025-12-03T06:45:00.000Z,1012.28
2025-12-03T07:00:00.000Z,1012.41
2025-12-03T07:15:00.000Z,1012.16
2025-12-03T07:30:00.000Z,1011.99
2025-12-03T07:45:00.000Z,1012.04
2025-12-03T08:00:00.000Z,1011.94
2025-12-03T08:15:00.000Z,1011.93
2025-12-03T08:30:00.000Z,1011.85
2025-12-03T08:45:00.000Z,1011.74
2025-12-03T09:00:00.000Z,1011.69
2025-12-03T09:15:00.000Z,1011.92
2025-12-03T09:30:00.000Z,1011.87
2025-12-03T09:45:00.000Z,1011.83
2025-12-03T10:00:00.000Z,1012.14
2025-12-03T10:15:00.000Z,1012.09
2025-12-03T10:30:00.000Z,1012.17
2025-12-03T10:45:00.000Z,1011.88
2025-12-03T11:00:00.000Z,1011.88
2025-12-03T11:15:00.000Z,1011.67
2025-12-03T11:30:00.000Z,1011.94
2025-12-03T11:45:00.000Z,1011.85
2025-12-03T12:00:00.000Z,1011.95
2025-12-03T12:15:00.000Z,1011.82
2025-12-03T12:30:00.000Z,1011.65
2025-12-03T12:45:00.000Z,1011.79
2025-12-03T13:00:00.000Z,1011.87
2025-12-03T13:15:00.000Z,1011.88
2025-12-03T13:30:00.000Z,1011.96
2025-12-03T13:45:00.000Z,1012.17
2025-12-03T14:00:00.000Z,1012.08
2025-12-03T14:15:00.000Z,1010.89
2025-12-03T14:30:00.000Z,1011.44
2025-12-03T14:45:00.000Z,1012.49
2025-12-03T15:00:00.000Z,1011.25
2025-12-03T15:15:00.000Z,1011.13
2025-12-03T15:30:00.000Z,1011.20
2025-12-03T15:45:00.000Z,1011.23
2025-12-03T16:00:00.000Z,1011.26
2025-12-03T16:15:00.000Z,1010.89
2025-12-03T16:30:00.000Z,1011.15
2025-12-03T16:45:00.000Z,1011.65
2025-12-03T17:00:00.000Z,1011.12
2025-12-03T17:15:00.000Z,1011.54
2025-12-03T17:30:00.000Z,1011.41
2025-12-03T17:45:00.000Z,1011.68
2025-12-03T18:00:00.000Z,1011.90
2025-12-03T18:15:00.000Z,1012.40
2025-12-03T18:30:00.000Z,1012.05
2025-12-03T18:45:00.000Z,1012.07
2025-12-03T19:00:00.000Z,1011.54
2025-12-03T19:15:00.000Z,1011.60
2025-12-03T19:30:00.000Z,1011.63
2025-12-03T19:45:00.000Z,1011.76
2025-12-03T20:00:00.000Z,1011.97
2025-12-03T20:15:00.000Z,1011.92
2025-12-03T20:30:00.000Z,1011.98
2025-12-03T20:45:00.000Z,1012.14
2025-12-03T21:00:00.000Z,1011.92
2025-12-03T21:15:00.000Z,1012.00
2025-12-03T21:30:00.000Z,1012.24
2025-12-03T21:45:00.000Z,1012.47
2025-12-03T22:00:00.000Z,1012.70
2025-12-03T22:15:00.000Z,1012.69
2025-12-03T22:30:00.000Z,1012.38
2025-12-03T22:45:00.000Z,1012.57
2025-12-03T23:00:00.000Z,1012.79
2025-12-03T23:15:00.000Z,1012.78
2025-12-03T23:30:00.000Z,1012.64
2025-12-03T23:45:00.000Z,1012.51
2025-12-04T00:00:00.000Z,1012.41
2025-12-04T00:15:00.000Z,1011.89
2025-12-04T00:30:00.000Z,1011.76
2025-12-04T00:45:00.000Z,1012.00
2025-12-04T01:00:00.000Z,1012.00
2025-12-04T01:15:00.000Z,1012.69
2025-12-04T01:30:00.000Z,1012.36
2025-12-04T01:45:00.000Z,1012.43
2025-12-04T02:00:00.000Z,1012.15
2025-12-04T02:15:00.000Z,1012.68
2025-12-04T02:30:00.000Z,1012.81
2025-12-04T02:45:00.000Z,1012.89
2025-12-04T03:00:00.000Z,1012.97
2025-12-04T03:15:00.000Z,1012.81
2025-12-04T03:30:00.000Z,1012.61
2025-12-04T03:45:00.000Z,1012.46
2025-12-04T04:00:00.000Z,1012.53
2025-12-04T04:15:00.000Z,1012.45
2025-12-04T04:30:00.000Z,1012.39
2025-12-04T04:45:00.000Z,1012.36
2025-12-04T05:00:00.000Z,1012.33
2025-12-04T05:15:00.000Z,1012.16
2025-12-04T05:30:00.000Z,1012.16
2025-12-04T05:45:00.000Z,1011.92
2025-12-04T06:00:00.000Z,1011.92
2025-12-04T06:15:00.000Z,1011.98
2025-12-04T06:30:00.000Z,1012.17
2025-12-04T06:45:00.000Z,1012.07
2025-12-04T07:00:00.000Z,1012.10
2025-12-04T07:15:00.000Z,1012.00
2025-12-04T07:30:00.000Z,1012.05
2025-12-04T07:45:00.000Z,1012.24
2025-12-04T08:00:00.000Z,1012.37
2025-12-04T08:15:00.000Z,1012.10
2025-12-04T08:30:00.000Z,1012.08
2025-12-04T08:45:00.000Z,1012.30
2025-12-04T09:00:00.000Z,1012.23
2025-12-04T09:15:00.000Z,1012.34
2025-12-04T09:30:00.000Z,1012.34
2025-12-04T09:45:00.000Z,1012.46
2025-12-04T10:00:00.000Z,1012.44
2025-12-04T10:15:00.000Z,1012.39
2025-12-04T10:30:00.000Z,1012.28
2025-12-04T10:45:00.000Z,1012.27
2025-12-04T11:00:00.000Z,1012.22
2025-12-04T11:15:00.000Z,1012.20
2025-12-04T11:30:00.000Z,1011.95
2025-12-04T11:45:00.000Z,1011.79
2025-12-04T12:00:00.000Z,1011.89
2025-12-04T12:15:00.000Z,1011.90
2025-12-04T12:30:00.000Z,1011.79
2025-12-04T12:45:00.000Z,1012.05
2025-12-04T13:00:00.000Z,1011.93
2025-12-04T13:15:00.000Z,1011.45
2025-12-04T13:30:00.000Z,1011.71
2025-12-04T13:45:00.000Z,1011.67
2025-12-04T14:00:00.000Z,1011.42
2025-12-04T14:15:00.000Z,1011.57
2025-12-04T14:30:00.000Z,1011.72
2025-12-04T14:45:00.000Z,1011.49
2025-12-04T15:00:00.000Z,1010.74
2025-12-04T15:15:00.000Z,1011.56
2025-12-04T15:30:00.000Z,1011.48
2025-12-04T15:45:00.000Z,1011.99
2025-12-04T16:00:00.000Z,1011.91
2025-12-04T16:15:00.000Z,1011.74
2025-12-04T16:30:00.000Z,1011.85
2025-12-04T16:45:00.000Z,1011.43
2025-12-04T17:00:00.000Z,1011.33
2025-12-04T17:15:00.000Z,1011.15
2025-12-04T17:30:00.000Z,1011.00
2025-12-04T17:45:00.000Z,1010.84
2025-12-04T18:00:00.000Z,1011.32
2025-12-04T18:15:00.000Z,1011.27
2025-12-04T18:30:00.000Z,1011.36
2025-12-04T18:45:00.000Z,1010.88
2025-12-04T19:00:00.000Z,1011.00
2025-12-04T19:15:00.000Z,1010.09
2025-12-04T19:30:00.000Z,1010.15
2025-12-04T19:45:00.000Z,1010.79
2025-12-04T20:00:00.000Z,1010.83
2025-12-04T20:15:00.000Z,1010.86
2025-12-04T20:30:00.000Z,1010.86
2025-12-04T20:45:00.000Z,1011.19
2025-12-04T21:00:00.000Z,1011.38
2025-12-04T21:15:00.000Z,1011.34
2025-12-04T21:30:00.000Z,1011.18
2025-12-04T21:45:00.000Z,1011.12
2025-12-04T22:00:00.000Z,1011.03
2025-12-04T22:15:00.000Z,1011.18
2025-12-04T22:30:00.000Z,1011.07
2025-12-04T22:45:00.000Z,1011.36
2025-12-04T23:00:00.000Z,1011.24
2025-12-04T23:15:00.000Z,1011.20
2025-12-04T23:30:00.000Z,1011.09
2025-12-04T23:45:00.000Z,1010.99
2025-12-05T00:00:00.000Z,1010.94
2025-12-05T00:15:00.000Z,1010.94
2025-12-05T00:30:00.000Z,1011.20
2025-12-05T00:45:00.000Z,1011.30
2025-12-05T01:00:00.000Z,1011.18
2025-12-05T01:15:00.000Z,1011.25
2025-12-05T01:30:00.000Z,1011.42
2025-12-05T01:45:00.000Z,1011.35
2025-12-05T02:00:00.000Z,1011.25
2025-12-05T02:15:00.000Z,1011.34
2025-12-05T02:30:00.000Z,1011.47
2025-12-05T02:45:00.000Z,1011.57
2025-12-05T03:00:00.000Z,1011.42
2025-12-05T03:15:00.000Z,1011.47
2025-12-05T03:30:00.000Z,1011.30
2025-12-05T03:45:00.000Z,1011.20
2025-12-05T04:00:00.000Z,1011.01
2025-12-05T04:15:00.000Z,1011.20
2025-12-05T04:30:00.000Z,1011.06
2025-12-05T04:45:00.000Z,1010.71
2025-12-05T05:00:00.000Z,1010.89
2025-12-05T05:15:00.000Z,1011.01
2025-12-05T05:30:00.000Z,1010.82
2025-12-05T05:45:00.000Z,1010.88
2025-12-05T06:00:00.000Z,1010.79
2025-12-05T06:15:00.000Z,1010.95
2025-12-05T06:30:00.000Z,1010.89
2025-12-05T06:45:00.000Z,1010.97
2025-12-05T07:00:00.000Z,1011.16
2025-12-05T07:15:00.000Z,1011.22
2025-12-05T07:30:00.000Z,1011.34
2025-12-05T07:45:00.000Z,1011.20
2025-12-05T08:00:00.000Z,1011.14
2025-12-05T08:15:00.000Z,1010.97
2025-12-05T08:30:00.000Z,1010.93
2025-12-05T08:45:00.000Z,1010.88
2025-12-05T09:00:00.000Z,1010.98
2025-12-05T09:15:00.000Z,1010.71
2025-12-05T09:30:00.000Z,1010.15
2025-12-05T09:45:00.000Z,1009.83
2025-12-05T10:00:00.000Z,1009.91
2025-12-05T10:15:00.000Z,1010.04
2025-12-05T10:30:00.000Z,1010.16
2025-12-05T10:45:00.000Z,1010.30
2025-12-05T11:00:00.000Z,1010.07
2025-12-05T11:15:00.000Z,1010.35
2025-12-05T11:30:00.000Z,1010.23
2025-12-05T11:45:00.000Z,1009.91
2025-12-05T12:00:00.000Z,1010.16
2025-12-05T12:15:00.000Z,1010.05
2025-12-05T12:30:00.000Z,1010.02
2025-12-05T12:45:00.000Z,1009.97
2025-12-05T13:00:00.000Z,1010.04
2025-12-05T13:15:00.000Z,1009.90
2025-12-05T13:30:00.000Z,1009.58
2025-12-05T13:45:00.000Z,1009.15
2025-12-05T14:00:00.000Z,1009.20
2025-12-05T14:15:00.000Z,1009.23
2025-12-05T14:30:00.000Z,1009.17
2025-12-05T14:45:00.000Z,1008.91
2025-12-05T15:00:00.000Z,1008.91
2025-12-05T15:15:00.000Z,1008.91
2025-12-05T15:30:00.000Z,1008.91
2025-12-05T15:45:00.000Z,1008.91
2025-12-05T16:00:00.000Z,1008.91
2025-12-05T16:15:00.000Z,1008.91
2025-12-05T16:30:00.000Z,1009.25
2025-12-05T16:45:00.000Z,1010.00
2025-12-05T17:00:00.000Z,1009.53
2025-12-05T17:15:00.000Z,1009.68
2025-12-05T17:30:00.000Z,1009.59
2025-12-05T17:45:00.000Z,1009.28
2025-12-05T18:00:00.000Z,1008.94
2025-12-05T18:15:00.000Z,1008.64
2025-12-05T18:30:00.000Z,1008.87
2025-12-05T18:45:00.000Z,1009.20
2025-12-05T19:00:00.000Z,1009.39
2025-12-05T19:15:00.000Z,1009.18
2025-12-05T19:30:00.000Z,1008.84
2025-12-05T19:45:00.000Z,1008.79
2025-12-05T20:00:00.000Z,1008.62
2025-12-05T20:15:00.000Z,1008.57
2025-12-05T20:30:00.000Z,1008.69
2025-12-05T20:45:00.000Z,1009.02
2025-12-05T21:00:00.000Z,1008.98
2025-12-05T21:15:00.000Z,1008.84
2025-12-05T21:30:00.000Z,1008.85
2025-12-05T21:45:00.000Z,1009.04
2025-12-05T22:00:00.000Z,1009.12
2025-12-05T22:15:00.000Z,1009.38
2025-12-05T22:30:00.000Z,1009.06
2025-12-05T22:45:00.000Z,1009.00
2025-12-05T23:00:00.000Z,1009.06
2025-12-05T23:15:00.000Z,1009.18
2025-12-05T23:30:00.000Z,1009.06
2025-12-05T23:45:00.000Z,1009.07
2025-12-06T00:00:00.000Z,1008.95
2025-12-06T00:15:00.000Z,1009.19
2025-12-06T00:30:00.000Z,1009.12
2025-12-06T00:45:00.000Z,1008.84
2025-12-06T01:00:00.000Z,1008.85
2025-12-06T01:15:00.000Z,1008.89
2025-12-06T01:30:00.000Z,1008.82
2025-12-06T01:45:00.000Z,1009.03
2025-12-06T02:00:00.000Z,1008.95
2025-12-06T02:15:00.000Z,1008.99
2025-12-06T02:30:00.000Z,1009.01
2025-12-06T02:45:00.000Z,1009.05
2025-12-06T03:00:00.000Z,1008.88
2025-12-06T03:15:00.000Z,1008.47
2025-12-06T03:30:00.000Z,1008.70
2025-12-06T03:45:00.000Z,1008.56
2025-12-06T04:00:00.000Z,1008.55
2025-12-06T04:15:00.000Z,1008.67
2025-12-06T04:30:00.000Z,1008.62
2025-12-06T04:45:00.000Z,1008.67
2025-12-06T05:00:00.000Z,1008.58
2025-12-06T05:15:00.000Z,1008.53
2025-12-06T05:30:00.000Z,1008.63
2025-12-06T05:45:00.000Z,1008.70
2025-12-06T06:00:00.000Z,1008.64
2025-12-06T06:15:00.000Z,1008.56
2025-12-06T06:30:00.000Z,1008.49
2025-12-06T06:45:00.000Z,1008.58
2025-12-06T07:00:00.000Z,1008.55
2025-12-06T07:15:00.000Z,1008.55
2025-12-06T07:30:00.000Z,1008.68
2025-12-06T07:45:00.000Z,1008.61
2025-12-06T08:00:00.000Z,1008.65
2025-12-06T08:15:00.000Z,1008.71
2025-12-06T08:30:00.000Z,1009.00
2025-12-06T08:45:00.000Z,1008.88
2025-12-06T09:00:00.000Z,1009.01
2025-12-06T09:15:00.000Z,1008.75
2025-12-06T09:30:00.000Z,1008.61
2025-12-06T09:45:00.000Z,1008.62
2025-12-06T10:00:00.000Z,1008.68
2025-12-06T10:15:00.000Z,1008.68
2025-12-06T10:30:00.000Z,1008.72
2025-12-06T10:45:00.000Z,1008.68
2025-12-06T11:00:00.000Z,1008.75
2025-12-06T11:15:00.000Z,1008.76
2025-12-06T11:30:00.000Z,1008.67
2025-12-06T11:45:00.000Z,1008.55
2025-12-06T12:00:00.000Z,1008.61
2025-12-06T12:15:00.000Z,1008.67
2025-12-06T12:30:00.000Z,1008.63
2025-12-06T12:45:00.000Z,1008.65
2025-12-06T13:00:00.000Z,1008.67
2025-12-06T13:15:00.000Z,1008.64
2025-12-06T13:30:00.000Z,1008.55
2025-12-06T13:45:00.000Z,1008.44
2025-12-06T14:00:00.000Z,1008.57
2025-12-06T14:15:00.000Z,1008.49
2025-12-06T14:30:00.000Z,1008.28
2025-12-06T14:45:00.000Z,1008.13
2025-12-06T15:00:00.000Z,1008.20
2025-12-06T15:15:00.000Z,1008.38
2025-12-06T15:30:00.000Z,1008.60
2025-12-06T15:45:00.000Z,1008.34
2025-12-06T16:00:00.000Z,1008.47
2025-12-06T16:15:00.000Z,1008.27
2025-12-06T16:30:00.000Z,1008.33
2025-12-06T16:45:00.000Z,1008.40
2025-12-06T17:00:00.000Z,1008.53
2025-12-06T17:15:00.000Z,1008.54
2025-12-06T17:30:00.000Z,1008.38
2025-12-06T17:45:00.000Z,1008.58
2025-12-06T18:00:00.000Z,1008.52
2025-12-06T18:15:00.000Z,1008.46
2025-12-06T18:30:00.000Z,1008.47
2025-12-06T18:45:00.000Z,1008.60
2025-12-06T19:00:00.000Z,1008.60
2025-12-06T19:15:00.000Z,1008.78
2025-12-06T19:30:00.000Z,1008.70
2025-12-06T19:45:00.000Z,1008.84
2025-12-06T20:00:00.000Z,1008.87
2025-12-06T20:15:00.000Z,1008.88
2025-12-06T20:30:00.000Z,1008.82
2025-12-06T20:45:00.000Z,1008.72
2025-12-06T21:00:00.000Z,1008.71
2025-12-06T21:15:00.000Z,1008.77
2025-12-06T21:30:00.000Z,1008.84
2025-12-06T21:45:00.000Z,1008.80
2025-12-06T22:00:00.000Z,1008.85
2025-12-06T22:15:00.000Z,1008.76
2025-12-06T22:30:00.000Z,1008.93
2025-12-06T22:45:00.000Z,1008.94
2025-12-06T23:00:00.000Z,1009.00
2025-12-06T23:15:00.000Z,1009.13
2025-12-06T23:30:00.000Z,1009.30
2025-12-06T23:45:00.000Z,1009.21
2025-12-07T00:00:00.000Z,1009.06
2025-12-07T00:15:00.000Z,1009.11
2025-12-07T00:30:00.000Z,1008.93
2025-12-07T00:45:00.000Z,1008.75
2025-12-07T01:00:00.000Z,1008.88
2025-12-07T01:15:00.000Z,1008.77
2025-12-07T01:30:00.000Z,1008.82
2025-12-07T01:45:00.000Z,1008.87
2025-12-07T02:00:00.000Z,1008.98
2025-12-07T02:15:00.000Z,1008.91
2025-12-07T02:30:00.000Z,1008.83
2025-12-07T02:45:00.000Z,1008.82
2025-12-07T03:00:00.000Z,1008.62
2025-12-07T03:15:00.000Z,1008.66
2025-12-07T03:30:00.000Z,1008.68
2025-12-07T03:45:00.000Z,1008.54
2025-12-07T04:00:00.000Z,1008.51
2025-12-07T04:15:00.000Z,1008.54
2025-12-07T04:30:00.000Z,1008.62
2025-12-07T04:45:00.000Z,1008.69
2025-12-07T05:00:00.000Z,1008.72
2025-12-07T05:15:00.000Z,1008.79
2025-12-07T05:30:00.000Z,1008.79
2025-12-07T05:45:00.000Z,1008.73
2025-12-07T06:00:00.000Z,1008.74
2025-12-07T06:15:00.000Z,1008.68
2025-12-07T06:30:00.000Z,1008.58
2025-12-07T06:45:00.000Z,1008.58
2025-12-07T07:00:00.000Z,1008.53
2025-12-07T07:15:00.000Z,1008.79
2025-12-07T07:30:00.000Z,1008.87
2025-12-07T07:45:00.000Z,1009.03
2025-12-07T08:00:00.000Z,1008.90
2025-12-07T08:15:00.000Z,1009.08
2025-12-07T08:30:00.000Z,1008.93
2025-12-07T08:45:00.000Z,1008.80
2025-12-07T09:00:00.000Z,1008.97
2025-12-07T09:15:00.000Z,1008.89
2025-12-07T09:30:00.000Z,1009.11
2025-12-07T09:45:00.000Z,1009.12
2025-12-07T10:00:00.000Z,1009.20
2025-12-07T10:15:00.000Z,1008.99
2025-12-07T10:30:00.000Z,1009.10
2025-12-07T10:45:00.000Z,1008.99
2025-12-07T11:00:00.000Z,1009.05
2025-12-07T11:15:00.000Z,1009.04
2025-12-07T11:30:00.000Z,1009.12
2025-12-07T11:45:00.000Z,1009.09
2025-12-07T12:00:00.000Z,1009.15
2025-12-07T12:15:00.000Z,1009.00
2025-12-07T12:30:00.000Z,1009.02
2025-12-07T12:45:00.000Z,1008.96
2025-12-07T13:00:00.000Z,1008.79
2025-12-07T13:15:00.000Z,1008.96
2025-12-07T13:30:00.000Z,1009.40
2025-12-07T13:45:00.000Z,1009.36
2025-12-07T14:00:00.000Z,1009.26
2025-12-07T14:15:00.000Z,1009.53
2025-12-07T14:30:00.000Z,1010.53
2025-12-07T14:45:00.000Z,1010.18
2025-12-07T15:00:00.000Z,1010.19
2025-12-07T15:15:00.000Z,1009.47
2025-12-07T15:30:00.000Z,1009.62
2025-12-07T15:45:00.000Z,1009.41
2025-12-07T16:00:00.000Z,1008.70
2025-12-07T16:15:00.000Z,1009.06
2025-12-07T16:30:00.000Z,1008.94
2025-12-07T16:45:00.000Z,1008.80
2025-12-07T17:00:00.000Z,1008.32
2025-12-07T17:15:00.000Z,1008.33
2025-12-07T17:30:00.000Z,1007.39
2025-12-07T17:45:00.000Z,1007.24
2025-12-07T18:00:00.000Z,1007.14
2025-12-07T18:15:00.000Z,1006.72
2025-12-07T18:30:00.000Z,1006.99
2025-12-07T18:45:00.000Z,1006.77
2025-12-07T19:00:00.000Z,1006.75
2025-12-07T19:15:00.000Z,1006.93
2025-12-07T19:30:00.000Z,1006.65
2025-12-07T19:45:00.000Z,1006.77
2025-12-07T20:00:00.000Z,1006.82
2025-12-07T20:15:00.000Z,1006.75
2025-12-07T20:30:00.000Z,1006.83
2025-12-07T20:45:00.000Z,1006.89
2025-12-07T21:00:00.000Z,1006.84
2025-12-07T21:15:00.000Z,1006.68
2025-12-07T21:30:00.000Z,1006.22
2025-12-07T21:45:00.000Z,1005.84
2025-12-07T22:00:00.000Z,1005.51
2025-12-07T22:15:00.000Z,1004.58
2025-12-07T22:30:00.000Z,1004.58
2025-12-07T22:45:00.000Z,1004.58
2025-12-07T23:00:00.000Z,1004.58
2025-12-07T23:15:00.000Z,1004.58
2025-12-07T23:30:00.000Z,1004.58
2025-12-07T23:45:00.000Z,1004.58
2025-12-08T00:00:00.000Z,1004.58
2025-12-08T00:15:00.000Z,1004.58
2025-12-08T00:30:00.000Z,1004.58
2025-12-08T00:45:00.000Z,1004.58
2025-12-08T01:00:00.000Z,1004.58
2025-12-08T01:15:00.000Z,1004.58
2025-12-08T01:30:00.000Z,1004.58
2025-12-08T01:45:00.000Z,1004.58
2025-12-08T02:00:00.000Z,1004.58
2025-12-08T02:15:00.000Z,1004.58
2025-12-08T02:30:00.000Z,1004.58
2025-12-08T02:45:00.000Z,1004.58
2025-12-08T03:00:00.000Z,1004.58
2025-12-08T03:15:00.000Z,1004.58
2025-12-08T03:30:00.000Z,1004.58
2025-12-08T03:45:00.000Z,1004.58
2025-12-08T04:00:00.000Z,1004.58
2025-12-08T04:15:00.000Z,1004.58
2025-12-08T04:30:00.000Z,1004.58
2025-12-08T04:45:00.000Z,1004.58
2025-12-08T05:00:00.000Z,1004.58
2025-12-08T05:15:00.000Z,1004.58
2025-12-08T05:30:00.000Z,1004.58
2025-12-08T05:45:00.000Z,1004.58
2025-12-08T06:00:00.000Z,1004.58
2025-12-08T06:15:00.000Z,1004.58
2025-12-08T06:30:00.000Z,1004.58
2025-12-08T06:45:00.000Z,1004.58
2025-12-08T07:00:00.000Z,1004.45
2025-12-08T07:15:00.000Z,1004.43
2025-12-08T07:30:00.000Z,1004.71
2025-12-08T07:45:00.000Z,1004.67
2025-12-08T08:00:00.000Z,1004.56
2025-12-08T08:15:00.000Z,1004.60
2025-12-08T08:30:00.000Z,1004.72
2025-12-08T08:45:00.000Z,1004.84
2025-12-08T09:00:00.000Z,1004.86
2025-12-08T09:15:00.000Z,1005.12
2025-12-08T09:30:00.000Z,1005.02
2025-12-08T09:45:00.000Z,1005.04
2025-12-08T10:00:00.000Z,1004.94
2025-12-08T10:15:00.000Z,1005.07
2025-12-08T10:30:00.000Z,1005.09
2025-12-08T10:45:00.000Z,1005.26
2025-12-08T11:00:00.000Z,1005.19
2025-12-08T11:15:00.000Z,1005.20
2025-12-08T11:30:00.000Z,1005.08
2025-12-08T11:45:00.000Z,1004.96
2025-12-08T12:00:00.000Z,1005.00
2025-12-08T12:15:00.000Z,1004.80
2025-12-08T12:30:00.000Z,1004.89
2025-12-08T12:45:00.000Z,1004.77
2025-12-08T13:00:00.000Z,1004.79
2025-12-08T13:15:00.000Z,1004.83
2025-12-08T13:30:00.000Z,1004.67
2025-12-08T13:45:00.000Z,1004.66
2025-12-08T14:00:00.000Z,1004.46
2025-12-08T14:15:00.000Z,1004.56
2025-12-08T14:30:00.000Z,1004.35
2025-12-08T14:45:00.000Z,1004.51
2025-12-08T15:00:00.000Z,1003.79
2025-12-08T15:15:00.000Z,1003.12
2025-12-08T15:30:00.000Z,1002.83
2025-12-08T15:45:00.000Z,1002.52
2025-12-08T16:00:00.000Z,1002.21
2025-12-08T16:15:00.000Z,1002.23
2025-12-08T16:30:00.000Z,1001.83
2025-12-08T16:45:00.000Z,1001.86
2025-12-08T17:00:00.000Z,1002.20
2025-12-08T17:15:00.000Z,1002.03
2025-12-08T17:30:00.000Z,1002.21
2025-12-08T17:45:00.000Z,1002.34
2025-12-08T18:00:00.000Z,1001.88
2025-12-08T18:15:00.000Z,1001.83
2025-12-08T18:30:00.000Z,1002.00
2025-12-08T18:45:00.000Z,1001.71
2025-12-08T19:00:00.000Z,1002.26
2025-12-08T19:15:00.000Z,1002.11
2025-12-08T19:30:00.000Z,1002.04
2025-12-08T19:45:00.000Z,1001.98
2025-12-08T20:00:00.000Z,1002.03
2025-12-08T20:15:00.000Z,1001.77
2025-12-08T20:30:00.000Z,1001.67
2025-12-08T20:45:00.000Z,1001.50
2025-12-08T21:00:00.000Z,1001.28
2025-12-08T21:15:00.000Z,1001.32
2025-12-08T21:30:00.000Z,1001.02
2025-12-08T21:45:00.000Z,1000.88
2025-12-08T22:00:00.000Z,1000.70
2025-12-08T22:15:00.000Z,1001.07
2025-12-08T22:30:00.000Z,1001.09
2025-12-08T22:45:00.000Z,1001.32
2025-12-08T23:00:00.000Z,1001.24
2025-12-08T23:15:00.000Z,1001.27
2025-12-08T23:30:00.000Z,1001.37
2025-12-08T23:45:00.000Z,1001.47
2025-12-09T00:00:00.000Z,1001.46
2025-12-09T00:15:00.000Z,1001.34
2025-12-09T00:30:00.000Z,1001.40
2025-12-09T00:45:00.000Z,1001.68
2025-12-09T01:00:00.000Z,1001.73
2025-12-09T01:15:00.000Z,1001.64
2025-12-09T01:30:00.000Z,1001.93
2025-12-09T01:45:00.000Z,1002.12
2025-12-09T02:00:00.000Z,1002.11
2025-12-09T02:15:00.000Z,1002.04
2025-12-09T02:30:00.000Z,1001.84
2025-12-09T02:45:00.000Z,1001.89
2025-12-09T03:00:00.000Z,1002.10
2025-12-09T03:15:00.000Z,1002.19
2025-12-09T03:30:00.000Z,1002.14
2025-12-09T03:45:00.000Z,1001.78
2025-12-09T04:00:00.000Z,1001.72
2025-12-09T04:15:00.000Z,1001.67
2025-12-09T04:30:00.000Z,1001.73
2025-12-09T04:45:00.000Z,1002.26
2025-12-09T05:00:00.000Z,1002.26
2025-12-09T05:15:00.000Z,1002.42
2025-12-09T05:30:00.000Z,1002.33
2025-12-09T05:45:00.000Z,1002.06
2025-12-09T06:00:00.000Z,1002.28
2025-12-09T06:15:00.000Z,1002.22
2025-12-09T06:30:00.000Z,1002.31
2025-12-09T06:45:00.000Z,1002.23
2025-12-09T07:00:00.000Z,1001.99
2025-12-09T07:15:00.000Z,1002.04
2025-12-09T07:30:00.000Z,1001.77
2025-12-09T07:45:00.000Z,1001.64
2025-12-09T08:00:00.000Z,1001.62
2025-12-09T08:15:00.000Z,1001.61
2025-12-09T08:30:00.000Z,1001.59
2025-12-09T08:45:00.000Z,1001.59
2025-12-09T09:00:00.000Z,1001.62
2025-12-09T09:15:00.000Z,1001.68
2025-12-09T09:30:00.000Z,1001.84
2025-12-09T09:45:00.000Z,1001.98
2025-12-09T10:00:00.000Z,1002.03
2025-12-09T10:15:00.000Z,1001.96
2025-12-09T10:30:00.000Z,1001.96
2025-12-09T10:45:00.000Z,1002.06
2025-12-09T11:00:00.000Z,1001.84
2025-12-09T11:15:00.000Z,1001.90
2025-12-09T11:30:00.000Z,1001.85
2025-12-09T11:45:00.000Z,1001.87
2025-12-09T12:00:00.000Z,1001.74
2025-12-09T12:15:00.000Z,1001.78
2025-12-09T12:30:00.000Z,1001.55
2025-12-09T12:45:00.000Z,1001.47
2025-12-09T13:00:00.000Z,1001.53
2025-12-09T13:15:00.000Z,1001.62
2025-12-09T13:30:00.000Z,1001.40
2025-12-09T13:45:00.000Z,1001.95
2025-12-09T14:00:00.000Z,1001.69
2025-12-09T14:15:00.000Z,1001.71
2025-12-09T14:30:00.000Z,1001.87
2025-12-09T14:45:00.000Z,1002.07
2025-12-09T15:00:00.000Z,1001.77
2025-12-09T15:15:00.000Z,1001.50
2025-12-09T15:30:00.000Z,1000.89
2025-12-09T15:45:00.000Z,999.89
2025-12-09T16:00:00.000Z,999.89
2025-12-09T16:15:00.000Z,1000.68
2025-12-09T16:30:00.000Z,1000.61
2025-12-09T16:45:00.000Z,1001.53
2025-12-09T17:00:00.000Z,1001.48
2025-12-09T17:15:00.000Z,1001.52
2025-12-09T17:30:00.000Z,1001.02
2025-12-09T17:45:00.000Z,1001.06
2025-12-09T18:00:00.000Z,1001.19
2025-12-09T18:15:00.000Z,1001.23
2025-12-09T18:30:00.000Z,1001.41
2025-12-09T18:45:00.000Z,1001.17
2025-12-09T19:00:00.000Z,1001.19
2025-12-09T19:15:00.000Z,1001.21
2025-12-09T19:30:00.000Z,1001.27
2025-12-09T19:45:00.000Z,1000.99
2025-12-09T20:00:00.000Z,1001.06
2025-12-09T20:15:00.000Z,1000.96
2025-12-09T20:30:00.000Z,1000.29
2025-12-09T20:45:00.000Z,1000.23
2025-12-09T21:00:00.000Z,1000.33
2025-12-09T21:15:00.000Z,1000.20
2025-12-09T21:30:00.000Z,1000.32
2025-12-09T21:45:00.000Z,999.86
2025-12-09T22:00:00.000Z,999.81
2025-12-09T22:15:00.000Z,999.82
2025-12-09T22:30:00.000Z,999.67
2025-12-09T22:45:00.000Z,1000.15